,memory,type,is_cold,exec_time,connection_time,client_time,provider_time,mem_used,Platform,id
0,256,burst,True,563905,0.046881,897223,583710,52.0,AWS,501
1,256,burst,True,545653,0.050314,957617,565540,52.0,AWS,501
2,256,burst,True,580014,0.046058,919211,599900,52.0,AWS,501
3,256,burst,True,561998,0.048611,957503,581960,52.0,AWS,501
4,256,burst,True,559017,0.047103,912227,561760,51.0,AWS,501
5,256,burst,True,548930,0.040606,889950,568540,52.0,AWS,501
6,256,burst,True,553692,0.036964,887660,572570,52.0,AWS,501
7,256,burst,True,580247,0.043998,981931,600090,52.0,AWS,501
8,256,burst,True,617024,0.044014,947663,636990,51.0,AWS,501
9,256,burst,True,589149,0.040053,926124,608990,52.0,AWS,501
10,256,burst,True,578392,0.04688,966818,597810,52.0,AWS,501
11,256,burst,True,547307,0.050346,912240,566900,52.0,AWS,501
12,256,burst,True,563787,0.050169,957273,583610,52.0,AWS,501
13,256,burst,True,596973,0.037373,981633,617160,52.0,AWS,501
14,256,burst,True,542631,0.048924,889598,544990,52.0,AWS,501
15,256,burst,True,567808,0.048772,957633,587600,52.0,AWS,501
16,256,burst,True,532047,0.047722,957403,551770,52.0,AWS,501
17,256,burst,True,587178,0.039986,952814,607050,52.0,AWS,501
18,256,burst,True,529669,0.051442,889312,532110,52.0,AWS,501
19,256,burst,True,594970,0.038962,950335,614800,52.0,AWS,501
20,256,burst,True,591016,0.046454,963446,610870,52.0,AWS,501
21,256,burst,True,558160,0.045857,894820,577840,52.0,AWS,501
22,256,burst,True,590501,0.048557,959868,610420,51.0,AWS,501
23,256,burst,True,521733,0.044396,847959,540280,51.0,AWS,501
24,256,burst,True,599217,0.046793,952433,619210,52.0,AWS,501
25,256,burst,True,590880,0.046188,934997,610950,52.0,AWS,501
26,256,burst,True,567907,0.039338,883322,587480,52.0,AWS,501
27,256,burst,True,568715,0.051851,938495,588330,52.0,AWS,501
28,256,burst,True,561379,0.04905,958463,581180,52.0,AWS,501
29,256,burst,True,592772,0.046465,964021,595620,52.0,AWS,501
30,256,burst,True,543601,0.050091,957556,563520,52.0,AWS,501
31,256,burst,True,580396,0.050298,937426,600080,52.0,AWS,501
32,256,burst,True,610340,0.046299,967609,613010,52.0,AWS,501
33,256,burst,True,587302,0.049837,948248,607060,52.0,AWS,501
34,256,burst,True,573855,0.044397,982075,593840,51.0,AWS,501
35,256,burst,True,586416,0.035153,897584,589210,52.0,AWS,501
36,256,burst,True,579408,0.043515,863272,581830,52.0,AWS,501
37,256,burst,True,559298,0.047924,957197,578690,52.0,AWS,501
38,256,burst,True,546057,0.043374,847453,566000,51.0,AWS,501
39,256,burst,True,552516,0.050416,889887,555080,51.0,AWS,501
40,256,burst,True,543993,0.045956,871979,563960,51.0,AWS,501
41,256,burst,True,595095,0.046236,940818,615990,52.0,AWS,501
42,256,burst,True,595380,0.043997,983937,615090,51.0,AWS,501
43,256,burst,True,584069,0.04012,929176,603630,52.0,AWS,501
44,256,burst,True,600247,0.043998,981786,602800,52.0,AWS,501
45,256,burst,True,576614,0.045995,894138,579140,52.0,AWS,501
46,256,burst,True,579871,0.039241,957505,582560,51.0,AWS,501
47,256,burst,True,562057,0.0398,890498,581920,52.0,AWS,501
48,256,burst,True,579469,0.038521,901904,599460,51.0,AWS,501
49,256,burst,True,553519,0.047133,885649,573730,52.0,AWS,501
50,256,warm,False,313,0.069703,116285,1960,52.0,AWS,501
51,256,warm,False,319,0.038407,86534,2280,52.0,AWS,501
52,256,warm,False,346,0.035878,79100,1950,52.0,AWS,501
53,256,warm,False,303,0.042357,93139,7660,52.0,AWS,501
54,256,warm,False,332,0.03497,98367,2070,52.0,AWS,501
55,256,warm,False,335,0.051731,85733,1980,52.0,AWS,501
56,256,warm,False,348,0.042419,75363,1850,52.0,AWS,501
57,256,warm,False,325,0.04537,99985,2050,52.0,AWS,501
58,256,warm,False,266,0.040976,93293,3880,52.0,AWS,501
59,256,warm,False,348,0.042113,82496,13350,52.0,AWS,501
60,256,warm,False,312,0.043816,91744,1990,52.0,AWS,501
61,256,warm,False,315,0.048142,89076,1800,52.0,AWS,501
62,256,warm,False,313,0.051232,83662,1850,52.0,AWS,501
63,256,warm,False,269,0.05565,91134,1440,52.0,AWS,501
64,256,warm,False,326,0.04133,95739,2100,52.0,AWS,501
65,256,warm,False,315,0.042438,84749,2160,52.0,AWS,501
66,256,warm,False,312,0.040792,83937,1910,52.0,AWS,501
67,256,warm,False,311,0.046636,98453,1820,52.0,AWS,501
68,256,warm,False,330,0.071475,118991,1940,52.0,AWS,501
69,256,warm,False,314,0.045495,95998,1750,52.0,AWS,501
70,256,warm,False,330,0.035118,95362,1930,52.0,AWS,501
71,256,warm,False,330,0.041375,83208,1970,52.0,AWS,501
72,256,warm,False,313,0.042576,98132,1980,52.0,AWS,501
73,256,warm,False,327,0.040627,93841,2190,52.0,AWS,501
74,256,warm,False,307,0.044078,104130,5070,52.0,AWS,501
75,256,warm,False,339,0.042743,92854,2080,52.0,AWS,501
76,256,warm,False,330,0.04372,88285,2080,52.0,AWS,501
77,256,warm,False,316,0.044781,94011,1740,52.0,AWS,501
78,256,warm,False,316,0.043524,95334,2050,52.0,AWS,501
79,256,warm,False,317,0.042743,118859,1850,52.0,AWS,501
80,256,warm,False,286,0.044989,86437,11900,52.0,AWS,501
81,256,warm,False,312,0.042377,83267,2040,52.0,AWS,501
82,256,warm,False,312,0.039505,83208,1820,52.0,AWS,501
83,256,warm,False,347,0.035083,74896,1940,52.0,AWS,501
84,256,warm,False,312,0.042073,72584,2140,52.0,AWS,501
85,256,warm,False,307,0.045352,103918,1930,52.0,AWS,501
86,256,warm,False,345,0.045884,115448,3530,52.0,AWS,501
87,256,warm,False,307,0.041872,75170,16500,52.0,AWS,501
88,256,warm,False,307,0.073843,117513,11080,52.0,AWS,501
89,256,warm,False,312,0.051145,92559,1840,52.0,AWS,501
90,256,warm,False,320,0.049418,88743,2000,52.0,AWS,501
91,256,warm,False,291,0.043022,110859,1760,52.0,AWS,501
92,256,warm,False,304,0.049387,90329,1920,52.0,AWS,501
93,256,warm,False,346,0.04375,82446,18350,52.0,AWS,501
94,256,warm,False,330,0.071221,112308,1930,52.0,AWS,501
95,256,warm,False,324,0.043867,78992,1910,52.0,AWS,501
96,256,warm,False,361,0.036613,79494,1870,52.0,AWS,501
97,256,warm,False,389,0.048084,89228,1870,52.0,AWS,501
98,256,warm,False,321,0.043721,82307,7430,52.0,AWS,501
99,256,warm,False,347,0.071531,110311,1950,52.0,AWS,501
100,256,sequential,False,325,0.186564,216732,1980,52.0,AWS,501
101,256,sequential,False,313,0.042134,83600,1920,52.0,AWS,501
102,256,sequential,False,284,0.042442,76055,1670,52.0,AWS,501
103,256,sequential,False,320,0.048637,93395,1830,52.0,AWS,501
104,256,sequential,False,324,0.044339,78313,7170,52.0,AWS,501
105,256,sequential,False,300,0.038115,70660,0,,AWS,501
106,256,sequential,False,346,0.044763,83858,2420,52.0,AWS,501
107,256,sequential,False,313,0.049526,84417,1800,52.0,AWS,501
108,256,sequential,False,313,0.038274,70816,1850,52.0,AWS,501
109,256,sequential,False,293,0.045378,78182,0,,AWS,501
110,256,sequential,False,338,0.036158,84130,2029,52.0,AWS,501
111,256,sequential,False,322,0.042357,76287,1780,52.0,AWS,501
112,256,sequential,False,322,0.048977,83182,1990,52.0,AWS,501
113,256,sequential,False,331,0.043619,94605,1810,52.0,AWS,501
114,256,sequential,False,335,0.034446,67650,9540,52.0,AWS,501
115,256,sequential,False,335,0.040673,72164,1810,52.0,AWS,501
116,256,sequential,False,316,0.049217,85454,1900,52.0,AWS,501
117,256,sequential,False,317,0.038388,71155,1840,52.0,AWS,501
118,256,sequential,False,319,0.045371,79067,1850,52.0,AWS,501
119,256,sequential,False,336,0.044064,74678,1950,52.0,AWS,501
120,256,sequential,False,336,0.042996,75522,2060,52.0,AWS,501
121,256,sequential,False,330,0.036552,67900,1990,52.0,AWS,501
122,256,sequential,False,417,0.046309,91854,1890,52.0,AWS,501
123,256,sequential,False,323,0.078572,112174,1980,52.0,AWS,501
124,256,sequential,False,278,0.041269,77619,0,,AWS,501
125,256,sequential,False,300,0.041742,76713,1610,52.0,AWS,501
126,256,sequential,False,297,0.043349,98864,18450,52.0,AWS,501
127,256,sequential,False,288,0.045137,76620,0,,AWS,501
128,256,sequential,False,318,0.04431,86389,1920,52.0,AWS,501
129,256,sequential,False,288,0.068726,99513,2070,52.0,AWS,501
130,256,sequential,False,323,0.072588,120400,1740,52.0,AWS,501
131,256,sequential,False,341,0.039221,72578,2090,52.0,AWS,501
132,256,sequential,False,294,0.039134,70632,0,,AWS,501
133,256,sequential,False,323,0.076698,109024,1880,52.0,AWS,501
134,256,sequential,False,299,0.085022,134057,0,,AWS,501
135,256,sequential,False,318,0.042776,94287,1870,52.0,AWS,501
136,256,sequential,False,291,0.041057,75186,15410,52.0,AWS,501
137,256,sequential,False,320,0.042773,78293,1870,52.0,AWS,501
138,256,sequential,False,299,0.068969,116814,0,,AWS,501
139,256,sequential,False,285,0.037163,95093,21280,52.0,AWS,501
140,256,sequential,False,318,0.039624,76418,9240,52.0,AWS,501
141,256,sequential,False,299,0.041943,75027,20760,52.0,AWS,501
142,256,sequential,False,307,0.046145,103206,1570,52.0,AWS,501
143,256,sequential,False,291,0.039546,69643,0,,AWS,501
144,256,sequential,False,313,0.040392,89605,1810,52.0,AWS,501
145,256,sequential,False,288,0.047756,78178,0,,AWS,501
146,256,sequential,False,356,0.042333,73792,1940,52.0,AWS,501
147,256,sequential,False,307,0.044215,77006,1740,52.0,AWS,501
148,256,sequential,False,290,0.048089,90480,0,,AWS,501
149,256,sequential,False,359,0.04418,80089,2090,52.0,AWS,501
0,256,burst,False,12001,0.03771,78456,0,0.0,Workers,501
1,256,burst,False,12000,0.039477,71378,0,0.0,Workers,501
2,256,burst,False,12000,0.038945,64413,0,0.0,Workers,501
3,256,burst,False,12001,0.042562,78596,0,0.0,Workers,501
4,256,burst,False,12000,0.042601,87547,0,0.0,Workers,501
5,256,burst,False,12001,0.041066,66480,0,0.0,Workers,501
6,256,burst,False,12000,0.043708,76129,0,0.0,Workers,501
7,256,burst,False,12000,0.043573,75834,0,0.0,Workers,501
8,256,burst,False,12000,0.043871,89611,0,0.0,Workers,501
9,256,burst,False,122001,0.043601,1969903,0,0.0,Workers,501
10,256,burst,False,12000,0.047409,78908,0,0.0,Workers,501
11,256,burst,False,12001,0.04939,72140,0,0.0,Workers,501
12,256,burst,False,12000,0.049065,82079,0,0.0,Workers,501
13,256,burst,False,121999,0.048969,1556253,0,0.0,Workers,501
14,256,burst,False,12000,0.043133,91923,0,0.0,Workers,501
15,256,burst,False,12001,0.038565,61353,0,0.0,Workers,501
16,256,burst,False,12000,0.046127,95366,0,0.0,Workers,501
17,256,burst,False,12000,0.046123,79692,0,0.0,Workers,501
18,256,burst,False,11999,0.046087,75226,0,0.0,Workers,501
19,256,burst,False,12000,0.045998,79545,0,0.0,Workers,501
20,256,burst,False,12001,0.04221,64652,0,0.0,Workers,501
21,256,burst,False,11999,0.041921,85306,0,0.0,Workers,501
22,256,burst,False,12000,0.044674,81105,0,0.0,Workers,501
23,256,burst,False,12000,0.044483,75764,0,0.0,Workers,501
24,256,burst,False,12000,0.044596,68905,0,0.0,Workers,501
25,256,burst,False,12000,0.044205,66564,0,0.0,Workers,501
26,256,burst,False,11999,0.037175,71814,0,0.0,Workers,501
27,256,burst,False,11999,0.041047,65209,0,0.0,Workers,501
28,256,burst,False,12000,0.044388,62393,0,0.0,Workers,501
29,256,burst,False,12000,0.044624,86812,0,0.0,Workers,501
30,256,burst,False,11999,0.037849,80158,0,0.0,Workers,501
31,256,burst,False,12000,0.044319,94227,0,0.0,Workers,501
32,256,burst,False,12000,0.045471,88730,0,0.0,Workers,501
33,256,burst,False,12000,0.045133,77067,0,0.0,Workers,501
34,256,burst,False,121999,0.045325,1762939,0,0.0,Workers,501
35,256,burst,False,12000,0.036615,64037,0,0.0,Workers,501
36,256,burst,False,12000,0.044205,99222,0,0.0,Workers,501
37,256,burst,False,122000,0.046369,1964076,0,0.0,Workers,501
38,256,burst,False,12000,0.044208,87761,0,0.0,Workers,501
39,256,burst,False,12000,0.046358,93826,0,0.0,Workers,501
40,256,burst,False,121999,0.040084,1401192,0,0.0,Workers,501
41,256,burst,False,12001,0.039875,73985,0,0.0,Workers,501
42,256,burst,False,12000,0.043285,67036,0,0.0,Workers,501
43,256,burst,False,12000,0.044426,91982,0,0.0,Workers,501
44,256,burst,False,12000,0.040224,86981,0,0.0,Workers,501
45,256,burst,False,12000,0.036749,82225,0,0.0,Workers,501
46,256,burst,False,12000,0.041482,63364,0,0.0,Workers,501
47,256,burst,False,122000,0.041943,2125672,0,0.0,Workers,501
48,256,burst,False,12001,0.044659,96664,0,0.0,Workers,501
49,256,burst,False,12000,0.043568,89192,0,0.0,Workers,501
50,256,warm,False,122001,0.044079,1367161,0,0.0,Workers,501
51,256,warm,False,12000,0.036361,1757074,0,0.0,Workers,501
52,256,warm,False,11999,0.041116,73615,0,0.0,Workers,501
53,256,warm,False,12000,0.044359,77747,0,0.0,Workers,501
54,256,warm,False,121999,0.044312,1757064,0,0.0,Workers,501
55,256,warm,False,11999,0.039599,86251,0,0.0,Workers,501
56,256,warm,False,12000,0.047057,77454,0,0.0,Workers,501
57,256,warm,False,11999,0.046838,1847197,0,0.0,Workers,501
58,256,warm,False,121999,0.047058,1844494,0,0.0,Workers,501
59,256,warm,False,12000,0.042634,67934,0,0.0,Workers,501
60,256,warm,False,12000,0.045247,85016,0,0.0,Workers,501
61,256,warm,False,12000,0.044984,70655,0,0.0,Workers,501
62,256,warm,False,12000,0.045494,93204,0,0.0,Workers,501
63,256,warm,False,12000,0.038809,73365,0,0.0,Workers,501
64,256,warm,False,12000,0.046663,78765,0,0.0,Workers,501
65,256,warm,False,12000,0.035299,71502,0,0.0,Workers,501
66,256,warm,False,12001,0.045085,90161,0,0.0,Workers,501
67,256,warm,False,12000,0.043801,89931,0,0.0,Workers,501
68,256,warm,False,12001,0.043973,75087,0,0.0,Workers,501
69,256,warm,False,12000,0.045312,86636,0,0.0,Workers,501
70,256,warm,False,122001,0.044134,1394667,0,0.0,Workers,501
71,256,warm,False,12000,0.044516,79487,0,0.0,Workers,501
72,256,warm,False,12000,0.04154,64099,0,0.0,Workers,501
73,256,warm,False,122000,0.044374,1439692,0,0.0,Workers,501
74,256,warm,False,11999,0.044065,65607,0,0.0,Workers,501
75,256,warm,False,121999,0.044087,1349017,0,0.0,Workers,501
76,256,warm,False,12000,0.045636,76800,0,0.0,Workers,501
77,256,warm,False,122001,0.042872,776270,0,0.0,Workers,501
78,256,warm,False,122000,0.039855,1428994,0,0.0,Workers,501
79,256,warm,False,12000,0.047419,85057,0,0.0,Workers,501
80,256,warm,False,12000,0.041352,65958,0,0.0,Workers,501
81,256,warm,False,12001,0.042842,85993,0,0.0,Workers,501
82,256,warm,False,122000,0.038179,1786465,0,0.0,Workers,501
83,256,warm,False,122001,0.047009,1944719,0,0.0,Workers,501
84,256,warm,False,12000,0.042939,102542,0,0.0,Workers,501
85,256,warm,False,12000,0.046855,91499,0,0.0,Workers,501
86,256,warm,False,12000,0.042796,76452,0,0.0,Workers,501
87,256,warm,False,12001,0.046654,96565,0,0.0,Workers,501
88,256,warm,False,121999,0.041662,2114638,0,0.0,Workers,501
89,256,warm,False,12001,0.046623,74545,0,0.0,Workers,501
90,256,warm,False,12000,0.041122,83264,0,0.0,Workers,501
91,256,warm,False,12000,0.045588,67927,0,0.0,Workers,501
92,256,warm,False,12000,0.048641,95440,0,0.0,Workers,501
93,256,warm,False,12000,0.048845,93372,0,0.0,Workers,501
94,256,warm,False,12000,0.048899,76595,0,0.0,Workers,501
95,256,warm,False,12000,0.041467,66589,0,0.0,Workers,501
96,256,warm,False,11999,0.035829,89490,0,0.0,Workers,501
97,256,warm,False,11999,0.041092,66119,0,0.0,Workers,501
98,256,warm,False,122001,0.042645,1872146,0,0.0,Workers,501
99,256,warm,False,122001,0.041223,1282726,0,0.0,Workers,501
100,256,sequential,False,12000,0.04022,84561,0,0.0,Workers,501
101,256,sequential,False,12000,0.044489,85277,0,0.0,Workers,501
102,256,sequential,False,12001,0.03942,73460,0,0.0,Workers,501
103,256,sequential,False,12000,0.040608,72205,0,0.0,Workers,501
104,256,sequential,False,12000,0.06556,92784,0,0.0,Workers,501
105,256,sequential,False,11999,0.041282,65747,0,0.0,Workers,501
106,256,sequential,False,12000,0.046507,88742,0,0.0,Workers,501
107,256,sequential,False,12000,0.039863,82976,0,0.0,Workers,501
108,256,sequential,False,12001,0.039338,66699,0,0.0,Workers,501
109,256,sequential,False,12001,0.042784,63206,0,0.0,Workers,501
110,256,sequential,False,12000,0.044656,20329269,0,0.0,Workers,501
111,256,sequential,False,12000,0.046508,78268,0,0.0,Workers,501
112,256,sequential,False,12000,0.045093,69905,0,0.0,Workers,501
113,256,sequential,False,12000,0.042206,93850,0,0.0,Workers,501
114,256,sequential,False,12000,0.041173,80324,0,0.0,Workers,501
115,256,sequential,False,12000,0.043216,76424,0,0.0,Workers,501
116,256,sequential,False,121999,0.050568,1036087,0,0.0,Workers,501
117,256,sequential,False,11999,0.048781,96858,0,0.0,Workers,501
118,256,sequential,False,11999,0.046187,67837,0,0.0,Workers,501
119,256,sequential,False,12000,0.048073,73935,0,0.0,Workers,501
120,256,sequential,False,12000,0.044307,64862,0,0.0,Workers,501
121,256,sequential,False,12000,0.046146,67513,0,0.0,Workers,501
122,256,sequential,False,12000,0.047454,92254,0,0.0,Workers,501
123,256,sequential,False,12000,0.048638,96363,0,0.0,Workers,501
124,256,sequential,False,12001,0.045279,68662,0,0.0,Workers,501
125,256,sequential,False,12000,0.050866,72628,0,0.0,Workers,501
126,256,sequential,False,12000,0.045291,79009,0,0.0,Workers,501
127,256,sequential,False,12000,0.046489,67045,0,0.0,Workers,501
128,256,sequential,False,12001,0.045807,100469,0,0.0,Workers,501
129,256,sequential,False,12000,0.046932,80228,0,0.0,Workers,501
130,256,sequential,False,12000,0.047397,69610,0,0.0,Workers,501
131,256,sequential,False,12000,0.042845,87281,0,0.0,Workers,501
132,256,sequential,False,12000,0.044602,67804,0,0.0,Workers,501
133,256,sequential,False,12000,0.041654,88558,0,0.0,Workers,501
134,256,sequential,False,12000,0.045689,87537,0,0.0,Workers,501
135,256,sequential,False,12000,0.041873,85510,0,0.0,Workers,501
136,256,sequential,False,12000,0.039747,74153,0,0.0,Workers,501
137,256,sequential,False,12000,0.041166,92960,0,0.0,Workers,501
138,256,sequential,False,12000,0.048177,92492,0,0.0,Workers,501
139,256,sequential,False,12000,0.040447,64755,0,0.0,Workers,501
140,256,sequential,False,12000,0.039275,65851,0,0.0,Workers,501
141,256,sequential,False,12001,0.040152,83698,0,0.0,Workers,501
142,256,sequential,False,12000,0.042705,86551,0,0.0,Workers,501
143,256,sequential,False,12000,0.040585,61901,0,0.0,Workers,501
144,256,sequential,False,12000,0.041402,94240,0,0.0,Workers,501
145,256,sequential,False,11999,0.050513,73564,0,0.0,Workers,501
146,256,sequential,False,12000,0.04109,79422,0,0.0,Workers,501
147,256,sequential,False,12001,0.036516,73232,0,0.0,Workers,501
148,256,sequential,False,12000,0.041551,70288,0,0.0,Workers,501
149,256,sequential,False,12000,0.040293,61699,0,0.0,Workers,501
0,256,burst,False,552,0.039556,243196,0,28.97265625,Containers,501
1,256,burst,False,128,0.043825,244050,0,28.97265625,Containers,501
2,256,burst,False,209,0.041869,271130,0,28.97265625,Containers,501
3,256,burst,False,123,0.040359,242804,0,28.97265625,Containers,501
4,256,burst,False,114,0.045274,247427,0,28.97265625,Containers,501
5,256,burst,False,88,0.054044,255072,0,28.97265625,Containers,501
6,256,burst,False,156,0.052667,254765,0,28.97265625,Containers,501
7,256,burst,False,139,0.050646,254464,0,28.97265625,Containers,501
8,256,burst,False,97,0.052804,263539,0,28.97265625,Containers,501
9,256,burst,False,223,0.043044,244674,0,28.97265625,Containers,501
10,256,burst,False,167,0.051337,252029,0,28.97265625,Containers,501
11,256,burst,False,186,0.052687,312433,0,28.97265625,Containers,501
12,256,burst,False,163,0.051475,271091,0,28.97265625,Containers,501
13,256,burst,False,187,0.051425,280717,0,28.97265625,Containers,501
14,256,burst,False,244,0.037908,234852,0,28.97265625,Containers,501
15,256,burst,False,152,0.047611,241038,0,28.97265625,Containers,501
16,256,burst,False,163,0.048736,281674,0,28.97265625,Containers,501
17,256,burst,False,218,0.049061,250516,0,28.97265625,Containers,501
18,256,burst,False,117,0.047503,237889,0,28.97265625,Containers,501
19,256,burst,False,142,0.048951,257894,0,28.97265625,Containers,501
20,256,burst,False,130,0.057424,292916,0,28.97265625,Containers,501
21,256,burst,False,139,0.057538,299695,0,28.97265625,Containers,501
22,256,burst,False,196,0.057569,288390,0,28.97265625,Containers,501
23,256,burst,False,284,0.057553,250850,0,28.97265625,Containers,501
24,256,burst,False,235,0.044624,239240,0,28.97265625,Containers,501
25,256,burst,False,152,0.044558,245280,0,28.97265625,Containers,501
26,256,burst,False,132,0.044989,242994,0,28.97265625,Containers,501
27,256,burst,False,209,0.048905,288254,0,28.97265625,Containers,501
28,256,burst,False,100,0.049201,246475,0,28.97265625,Containers,501
29,256,burst,False,119,0.046084,254288,0,28.97265625,Containers,501
30,256,burst,False,131,0.049269,244141,0,28.97265625,Containers,501
31,256,burst,False,228,0.048878,246359,0,28.97265625,Containers,501
32,256,burst,False,206,0.042867,254447,0,28.97265625,Containers,501
33,256,burst,False,109,0.051413,254387,0,28.97265625,Containers,501
34,256,burst,False,189,0.051256,290609,0,28.97265625,Containers,501
35,256,burst,False,115,0.051173,245786,0,28.97265625,Containers,501
36,256,burst,False,104,0.047262,254449,0,28.97265625,Containers,501
37,256,burst,False,137,0.056878,304985,0,28.97265625,Containers,501
38,256,burst,False,150,0.056654,260648,0,28.97265625,Containers,501
39,256,burst,False,210,0.052571,251337,0,28.97265625,Containers,501
40,256,burst,False,207,0.059677,298069,0,28.97265625,Containers,501
41,256,burst,False,166,0.059863,260955,0,28.97265625,Containers,501
42,256,burst,False,178,0.049984,303995,0,28.97265625,Containers,501
43,256,burst,False,200,0.050127,282618,0,28.97265625,Containers,501
44,256,burst,False,104,0.042275,304627,0,28.97265625,Containers,501
45,256,burst,False,287,0.046816,253882,0,28.97265625,Containers,501
46,256,burst,False,159,0.046557,253833,0,28.97265625,Containers,501
47,256,burst,False,120,0.050195,286426,0,28.97265625,Containers,501
48,256,burst,False,137,0.058847,264398,0,28.97265625,Containers,501
49,256,burst,False,281,0.057763,264705,0,28.97265625,Containers,501
50,256,burst,False,203,0.058697,259761,0,28.97265625,Containers,501
51,256,burst,False,107,0.057295,267113,0,28.97265625,Containers,501
52,256,warm,False,102,0.051146,253535,0,28.97265625,Containers,501
53,256,warm,False,138,0.051377,258346,0,28.97265625,Containers,501
54,256,warm,False,303,0.04872,253664,0,28.97265625,Containers,501
55,256,warm,False,109,0.050922,257971,0,28.97265625,Containers,501
56,256,warm,False,211,0.046037,299538,0,28.97265625,Containers,501
57,256,warm,False,169,0.036439,268694,0,28.97265625,Containers,501
58,256,warm,False,150,0.043478,292529,0,28.97265625,Containers,501
59,256,warm,False,314,0.043549,246853,0,28.97265625,Containers,501
60,256,warm,False,137,0.043338,270548,0,28.97265625,Containers,501
61,256,warm,False,133,0.043655,279049,0,28.97265625,Containers,501
62,256,warm,False,208,0.045583,278307,0,28.97265625,Containers,501
63,256,warm,False,253,0.040991,251307,0,28.97265625,Containers,501
64,256,warm,False,123,0.041602,284639,0,28.97265625,Containers,501
65,256,warm,False,155,0.045314,275495,0,28.97265625,Containers,501
66,256,warm,False,247,0.045499,239401,0,28.97265625,Containers,501
67,256,warm,False,207,0.045608,284517,0,28.97265625,Containers,501
68,256,warm,False,248,0.050034,245398,0,28.97265625,Containers,501
69,256,warm,False,187,0.05532,273247,0,28.97265625,Containers,501
70,256,warm,False,133,0.055741,315868,0,28.97265625,Containers,501
71,256,warm,False,98,0.0433,277943,0,28.97265625,Containers,501
72,256,warm,False,164,0.043701,278115,0,28.97265625,Containers,501
73,256,warm,False,266,0.03492,232291,0,28.97265625,Containers,501
74,256,warm,False,211,0.040186,266306,0,28.97265625,Containers,501
75,256,warm,False,220,0.045143,238012,0,28.97265625,Containers,501
76,256,warm,False,112,0.047771,246025,0,28.97265625,Containers,501
77,256,warm,False,242,0.046541,241792,0,28.97265625,Containers,501
78,256,warm,False,135,0.047818,279896,0,28.97265625,Containers,501
79,256,warm,False,126,0.046385,241843,0,28.97265625,Containers,501
80,256,warm,False,145,0.044169,246361,0,28.97265625,Containers,501
81,256,warm,False,124,0.047219,293323,0,28.97265625,Containers,501
82,256,warm,False,236,0.050328,249445,0,28.97265625,Containers,501
83,256,warm,False,145,0.053214,256039,0,28.97265625,Containers,501
84,256,warm,False,121,0.049451,244984,0,28.97265625,Containers,501
85,256,warm,False,157,0.053433,283780,0,28.97265625,Containers,501
86,256,warm,False,136,0.063385,261526,0,28.97265625,Containers,501
87,256,warm,False,112,0.057512,258589,0,28.97265625,Containers,501
88,256,warm,False,216,0.0592,259066,0,28.97265625,Containers,501
89,256,warm,False,363,0.043422,250718,0,28.97265625,Containers,501
90,256,warm,False,160,0.051023,281511,0,28.97265625,Containers,501
91,256,warm,False,130,0.051181,250741,0,28.97265625,Containers,501
92,256,warm,False,450,0.051134,250855,0,28.97265625,Containers,501
93,256,warm,False,143,0.051426,273473,0,28.97265625,Containers,501
94,256,warm,False,170,0.041446,284950,0,28.97265625,Containers,501
95,256,warm,False,135,0.050108,286213,0,28.97265625,Containers,501
96,256,warm,False,220,0.049906,244733,0,28.97265625,Containers,501
97,256,warm,False,121,0.050262,289516,0,28.97265625,Containers,501
98,256,warm,False,240,0.050018,266846,0,28.97265625,Containers,501
99,256,warm,False,108,0.040592,272554,0,28.97265625,Containers,501
100,256,warm,False,208,0.046604,240279,0,28.97265625,Containers,501
101,256,warm,False,89,0.046417,270889,0,28.97265625,Containers,501
102,256,warm,False,120,0.0461,238069,0,28.97265625,Containers,501
103,256,warm,False,156,0.048143,263142,0,28.97265625,Containers,501
104,256,sequential,False,235,0.045976,245105,0,28.97265625,Containers,501
105,256,sequential,False,206,0.042057,239782,0,28.97265625,Containers,501
106,256,sequential,False,217,0.046779,244441,0,28.97265625,Containers,501
107,256,sequential,False,259,0.044531,287513,0,28.97265625,Containers,501
108,256,sequential,False,205,0.047857,247134,0,28.97265625,Containers,501
109,256,sequential,False,200,0.044244,254182,0,28.97265625,Containers,501
110,256,sequential,False,210,0.048985,288976,0,28.97265625,Containers,501
111,256,sequential,False,292,0.038142,239171,0,28.97265625,Containers,501
112,256,sequential,False,237,0.043906,241563,0,28.97265625,Containers,501
113,256,sequential,False,271,0.04838,251253,0,28.97265625,Containers,501
114,256,sequential,False,229,0.056632,248765,0,28.97265625,Containers,501
115,256,sequential,False,285,0.037358,240377,0,28.97265625,Containers,501
116,256,sequential,False,204,0.037781,235999,0,28.97265625,Containers,501
117,256,sequential,False,264,0.040824,233709,0,28.97265625,Containers,501
118,256,sequential,False,246,0.050024,255652,0,28.97265625,Containers,501
119,256,sequential,False,278,0.036434,240302,0,28.97265625,Containers,501
120,256,sequential,False,320,0.041779,238093,0,28.97265625,Containers,501
121,256,sequential,False,360,0.065866,270417,0,28.97265625,Containers,501
122,256,sequential,False,245,0.049243,281460,0,28.97265625,Containers,501
123,256,sequential,False,215,0.036899,241628,0,28.97265625,Containers,501
124,256,sequential,False,209,0.048821,254320,0,28.97265625,Containers,501
125,256,sequential,False,210,0.043305,273609,0,28.97265625,Containers,501
126,256,sequential,False,245,0.047061,251519,0,28.97265625,Containers,501
127,256,sequential,False,246,0.042673,235970,0,28.97265625,Containers,501
128,256,sequential,False,223,0.046527,244429,0,28.97265625,Containers,501
129,256,sequential,False,223,0.046851,257201,0,28.97265625,Containers,501
130,256,sequential,False,237,0.04258,246983,0,28.97265625,Containers,501
131,256,sequential,False,207,0.047424,294646,0,28.97265625,Containers,501
132,256,sequential,False,203,0.046815,287538,0,28.97265625,Containers,501
133,256,sequential,False,207,0.04396,253386,0,28.97265625,Containers,501
134,256,sequential,False,255,0.03946,238454,0,28.97265625,Containers,501
135,256,sequential,False,249,0.041315,246156,0,28.97265625,Containers,501
136,256,sequential,False,260,0.041945,244118,0,28.97265625,Containers,501
137,256,sequential,False,219,0.044599,245171,0,28.97265625,Containers,501
138,256,sequential,False,265,0.041658,241968,0,28.97265625,Containers,501
139,256,sequential,False,238,0.050827,253115,0,28.97265625,Containers,501
140,256,sequential,False,290,0.045122,246177,0,28.97265625,Containers,501
141,256,sequential,False,2202,0.066034,317368,0,28.97265625,Containers,501
142,256,sequential,False,341,0.044471,266855,0,28.97265625,Containers,501
143,256,sequential,False,265,0.046307,269810,0,28.97265625,Containers,501
144,256,sequential,False,224,0.043778,266936,0,28.97265625,Containers,501
145,256,sequential,False,300,0.041392,262505,0,28.97265625,Containers,501
146,256,sequential,False,204,0.042132,236115,0,28.97265625,Containers,501
147,256,sequential,False,236,0.041642,232095,0,28.97265625,Containers,501
148,256,sequential,False,248,0.048381,286544,0,28.97265625,Containers,501
149,256,sequential,False,218,0.041798,234801,0,28.97265625,Containers,501
150,256,sequential,False,238,0.042858,269100,0,28.97265625,Containers,501
151,256,sequential,False,218,0.040902,261916,0,28.97265625,Containers,501
152,256,sequential,False,214,0.044677,239128,0,28.97265625,Containers,501
153,256,sequential,False,203,0.037143,261378,0,28.97265625,Containers,501
0,256,burst,True,494083,0.048064,867363,513409,51.0,AWS,502
1,256,burst,True,516469,0.047246,866840,537720,51.0,AWS,502
2,256,burst,True,523107,0.047726,866797,542400,51.0,AWS,502
3,256,burst,True,536649,0.070515,910125,539490,51.0,AWS,502
4,256,burst,True,520209,0.070368,894648,540010,51.0,AWS,502
5,256,burst,True,493162,0.048142,928036,512500,51.0,AWS,502
6,256,burst,True,533930,0.045078,827119,553750,51.0,AWS,502
7,256,burst,True,510370,0.047636,869441,531610,51.0,AWS,502
8,256,burst,True,531362,0.042573,838745,551260,51.0,AWS,502
9,256,burst,True,538922,0.042694,870439,558390,51.0,AWS,502
10,256,burst,True,513328,0.042235,862737,532630,51.0,AWS,502
11,256,burst,True,537453,0.04707,926864,556640,51.0,AWS,502
12,256,burst,True,530697,0.047311,877687,550640,51.0,AWS,502
13,256,burst,True,510188,0.04925,928529,529490,51.0,AWS,502
14,256,burst,True,537039,0.046802,927344,556530,51.0,AWS,502
15,256,burst,True,531494,0.048534,857985,551360,51.0,AWS,502
16,256,burst,True,540152,0.045566,850200,542400,51.0,AWS,502
17,256,burst,True,511988,0.050547,863004,514490,51.0,AWS,502
18,256,burst,True,523944,0.045482,868715,545100,51.0,AWS,502
19,256,burst,True,465395,0.048629,857861,485340,51.0,AWS,502
20,256,burst,True,534516,0.04722,877340,537030,51.0,AWS,502
21,256,burst,True,523634,0.04794,869791,544820,51.0,AWS,502
22,256,burst,True,536039,0.042058,862041,557260,51.0,AWS,502
23,256,burst,True,550621,0.045477,867300,553220,51.0,AWS,502
24,256,burst,True,512313,0.049322,870989,531950,51.0,AWS,502
25,256,burst,True,526680,0.047301,813306,529120,51.0,AWS,502
26,256,burst,True,524040,0.070252,894968,544040,51.0,AWS,502
27,256,burst,True,494444,0.042539,834625,514169,51.0,AWS,502
28,256,burst,True,484403,0.044169,812874,486630,51.0,AWS,502
29,256,burst,True,521722,0.046989,871935,541260,51.0,AWS,502
30,256,burst,True,519786,0.048727,873768,539750,51.0,AWS,502
31,256,burst,True,559462,0.046753,927099,580250,51.0,AWS,502
32,256,burst,True,520987,0.034417,851742,541210,51.0,AWS,502
33,256,burst,True,489191,0.047008,831460,510550,51.0,AWS,502
34,256,burst,True,509091,0.04951,869359,511520,51.0,AWS,502
35,256,burst,True,523434,0.04096,862452,525990,51.0,AWS,502
36,256,burst,True,516674,0.048319,928009,519370,51.0,AWS,502
37,256,burst,True,524507,0.036162,835465,544760,51.0,AWS,502
38,256,burst,True,553267,0.048165,927664,573440,51.0,AWS,502
39,256,burst,True,535749,0.040836,864991,538530,51.0,AWS,502
40,256,burst,True,523043,0.049725,869368,544390,51.0,AWS,502
41,256,burst,True,535046,0.049489,928589,537610,51.0,AWS,502
42,256,burst,True,541926,0.042786,889846,561800,51.0,AWS,502
43,256,burst,True,527696,0.046879,926400,549170,51.0,AWS,502
44,256,burst,True,508290,0.037729,813339,527830,51.0,AWS,502
45,256,burst,True,487052,0.049587,927877,506480,51.0,AWS,502
46,256,burst,True,517466,0.041067,862790,538740,51.0,AWS,502
47,256,burst,True,509733,0.038914,857765,529800,51.0,AWS,502
48,256,burst,True,487126,0.072594,895063,506680,51.0,AWS,502
49,256,burst,True,512597,0.070742,895267,532440,51.0,AWS,502
50,256,warm,False,312,0.04549,97126,2120,51.0,AWS,502
51,256,warm,False,307,0.044642,95558,1940,51.0,AWS,502
52,256,warm,False,304,0.048356,89245,1780,51.0,AWS,502
53,256,warm,False,301,0.051233,85482,1830,51.0,AWS,502
54,256,warm,False,310,0.04724,98040,1880,51.0,AWS,502
55,256,warm,False,8409,0.08851,155207,9890,51.0,AWS,502
56,256,warm,False,481,0.039727,109027,5400,51.0,AWS,502
57,256,warm,False,288,0.042136,89093,1690,51.0,AWS,502
58,256,warm,False,310,0.049113,89062,1870,51.0,AWS,502
59,256,warm,False,330,0.042279,88746,2000,51.0,AWS,502
60,256,warm,False,290,0.085301,142394,1630,51.0,AWS,502
61,256,warm,False,300,0.048708,102021,5760,51.0,AWS,502
62,256,warm,False,327,0.044857,100077,1950,51.0,AWS,502
63,256,warm,False,308,0.034343,90768,1800,51.0,AWS,502
64,256,warm,False,308,0.041884,92809,1910,51.0,AWS,502
65,256,warm,False,303,0.087265,142393,1750,51.0,AWS,502
66,256,warm,False,304,0.045376,91230,1840,51.0,AWS,502
67,256,warm,False,312,0.04834,115659,1890,51.0,AWS,502
68,256,warm,False,319,0.041962,74428,2090,51.0,AWS,502
69,256,warm,False,309,0.04909,100176,7780,51.0,AWS,502
70,256,warm,False,296,0.040519,104556,10440,51.0,AWS,502
71,256,warm,False,310,0.04817,113385,6350,51.0,AWS,502
72,256,warm,False,303,0.042433,72729,2050,51.0,AWS,502
73,256,warm,False,298,0.048572,107911,2830,51.0,AWS,502
74,256,warm,False,323,0.073245,132948,2060,51.0,AWS,502
75,256,warm,False,309,0.038415,86168,1770,51.0,AWS,502
76,256,warm,False,297,0.051614,85867,1880,51.0,AWS,502
77,256,warm,False,325,0.053995,95553,2050,51.0,AWS,502
78,256,warm,False,306,0.047069,115353,1840,51.0,AWS,502
79,256,warm,False,323,0.048094,83108,1910,51.0,AWS,502
80,256,warm,False,328,0.037691,106048,12150,51.0,AWS,502
81,256,warm,False,307,0.046795,92169,1900,51.0,AWS,502
82,256,warm,False,280,0.042778,92080,14910,51.0,AWS,502
83,256,warm,False,344,0.044877,101220,2990,51.0,AWS,502
84,256,warm,False,327,0.047858,116026,1870,51.0,AWS,502
85,256,warm,False,298,0.049774,107489,2170,51.0,AWS,502
86,256,warm,False,326,0.046637,120161,2090,51.0,AWS,502
87,256,warm,False,291,0.051363,100818,2470,51.0,AWS,502
88,256,warm,False,313,0.042035,91706,3030,51.0,AWS,502
89,256,warm,False,290,0.051254,101130,1720,51.0,AWS,502
90,256,warm,False,326,0.041705,116298,1740,51.0,AWS,502
91,256,warm,False,314,0.044385,100905,1940,51.0,AWS,502
92,256,warm,False,332,0.038331,98331,2040,51.0,AWS,502
93,256,warm,False,300,0.038033,97033,1820,51.0,AWS,502
94,256,warm,False,305,0.041352,92833,2000,51.0,AWS,502
95,256,warm,False,335,0.04796,97795,1860,51.0,AWS,502
96,256,warm,False,295,0.048403,98320,1810,51.0,AWS,502
97,256,warm,False,298,0.044622,108383,5800,51.0,AWS,502
98,256,warm,False,352,0.041713,88749,1880,51.0,AWS,502
99,256,warm,False,298,0.086811,137438,2100,51.0,AWS,502
100,256,sequential,False,415,0.073837,109189,3730,51.0,AWS,502
101,256,sequential,False,301,0.057159,93137,2630,51.0,AWS,502
102,256,sequential,False,302,0.04468,85589,0,,AWS,502
103,256,sequential,False,321,0.046743,78344,2029,51.0,AWS,502
104,256,sequential,False,299,0.039042,72781,2790,51.0,AWS,502
105,256,sequential,False,340,0.048374,97440,1980,51.0,AWS,502
106,256,sequential,False,304,0.04447,92364,1740,51.0,AWS,502
107,256,sequential,False,309,0.045219,88768,2200,51.0,AWS,502
108,256,sequential,False,337,0.048983,87067,1970,51.0,AWS,502
109,256,sequential,False,317,0.046345,103325,1880,51.0,AWS,502
110,256,sequential,False,321,0.070729,104078,1830,51.0,AWS,502
111,256,sequential,False,309,0.071716,107870,2040,51.0,AWS,502
112,256,sequential,False,312,0.036775,72395,0,,AWS,502
113,256,sequential,False,338,0.042168,85842,2000,51.0,AWS,502
114,256,sequential,False,311,0.050343,87253,0,,AWS,502
115,256,sequential,False,302,0.040788,93177,1880,51.0,AWS,502
116,256,sequential,False,335,0.068338,96880,0,,AWS,502
117,256,sequential,False,320,0.043483,75845,19490,51.0,AWS,502
118,256,sequential,False,310,0.03922,95106,1890,51.0,AWS,502
119,256,sequential,False,303,0.044911,82463,1960,51.0,AWS,502
120,256,sequential,False,307,0.045515,83419,1880,51.0,AWS,502
121,256,sequential,False,301,0.044261,72801,1790,51.0,AWS,502
122,256,sequential,False,323,0.042202,75942,10410,51.0,AWS,502
123,256,sequential,False,307,0.03847,74730,1760,51.0,AWS,502
124,256,sequential,False,319,0.066701,105734,1880,51.0,AWS,502
125,256,sequential,False,352,0.042311,89955,1910,51.0,AWS,502
126,256,sequential,False,338,0.045772,81291,2180,51.0,AWS,502
127,256,sequential,False,318,0.0439,93394,1890,51.0,AWS,502
128,256,sequential,False,337,0.044473,91938,2000,51.0,AWS,502
129,256,sequential,False,348,0.071805,113972,2029,51.0,AWS,502
130,256,sequential,False,304,0.050087,89734,1910,51.0,AWS,502
131,256,sequential,False,305,0.036833,70386,1710,51.0,AWS,502
132,256,sequential,False,310,0.04062,73840,1850,51.0,AWS,502
133,256,sequential,False,309,0.042612,98922,1820,51.0,AWS,502
134,256,sequential,False,304,0.046672,81981,1940,51.0,AWS,502
135,256,sequential,False,305,0.039771,76907,10530,51.0,AWS,502
136,256,sequential,False,313,0.044113,75796,1860,51.0,AWS,502
137,256,sequential,False,303,0.042236,78830,1880,51.0,AWS,502
138,256,sequential,False,302,0.042933,75120,2130,51.0,AWS,502
139,256,sequential,False,310,0.04342,79289,1770,51.0,AWS,502
140,256,sequential,False,358,0.041824,72228,1940,51.0,AWS,502
141,256,sequential,False,307,0.041353,74333,0,,AWS,502
142,256,sequential,False,358,0.04484,78589,2029,51.0,AWS,502
143,256,sequential,False,303,0.037986,69484,1730,51.0,AWS,502
144,256,sequential,False,314,0.043722,96992,1970,51.0,AWS,502
145,256,sequential,False,305,0.04057,78188,0,,AWS,502
146,256,sequential,False,300,0.040516,73009,1880,51.0,AWS,502
147,256,sequential,False,318,0.045374,82911,3050,51.0,AWS,502
148,256,sequential,False,297,0.046762,80419,2040,51.0,AWS,502
149,256,sequential,False,327,0.047468,83777,7280,51.0,AWS,502
0,256,sequential,False,5999,0.037608,64371,0,0.0,Workers,502
1,256,sequential,False,6000,0.047252,71214,0,0.0,Workers,502
2,256,sequential,False,6001,0.035434,65012,0,0.0,Workers,502
3,256,sequential,False,6000,0.035865,72241,0,0.0,Workers,502
4,256,sequential,False,6000,0.039767,66503,0,0.0,Workers,502
5,256,sequential,False,6000,0.042339,71238,0,0.0,Workers,502
6,256,sequential,False,5999,0.037589,60135,0,0.0,Workers,502
7,256,sequential,False,6001,0.039435,69812,0,0.0,Workers,502
8,256,sequential,False,6001,0.039958,62528,0,0.0,Workers,502
9,256,sequential,False,5999,0.042381,69318,0,0.0,Workers,502
10,256,sequential,False,6000,0.044885,71639,0,0.0,Workers,502
11,256,sequential,False,6001,0.036898,59044,0,0.0,Workers,502
12,256,sequential,False,5999,0.041974,67119,0,0.0,Workers,502
13,256,sequential,False,5999,0.047067,75623,0,0.0,Workers,502
14,256,sequential,False,5999,0.046242,72917,0,0.0,Workers,502
15,256,sequential,False,6001,0.041972,64411,0,0.0,Workers,502
16,256,sequential,False,6001,0.040857,75347,0,0.0,Workers,502
17,256,sequential,False,6000,0.039587,64776,0,0.0,Workers,502
18,256,sequential,False,6001,0.042597,64541,0,0.0,Workers,502
19,256,sequential,False,5999,0.042854,65532,0,0.0,Workers,502
20,256,sequential,False,6000,0.040716,64135,0,0.0,Workers,502
21,256,sequential,False,5999,0.039445,66165,0,0.0,Workers,502
22,256,sequential,False,6001,0.040804,67548,0,0.0,Workers,502
23,256,sequential,False,6001,0.044254,73210,0,0.0,Workers,502
24,256,sequential,False,6001,0.040432,65416,0,0.0,Workers,502
25,256,sequential,False,6000,0.044651,67175,0,0.0,Workers,502
26,256,sequential,False,6000,0.038654,64309,0,0.0,Workers,502
27,256,sequential,False,5999,0.048516,69755,0,0.0,Workers,502
28,256,sequential,False,6001,0.037396,62994,0,0.0,Workers,502
29,256,sequential,False,6000,0.039663,63820,0,0.0,Workers,502
30,256,sequential,False,6001,0.038975,66356,0,0.0,Workers,502
31,256,sequential,False,6001,0.04144,67971,0,0.0,Workers,502
32,256,sequential,False,6001,0.04325,70047,0,0.0,Workers,502
33,256,sequential,False,6000,0.037668,60969,0,0.0,Workers,502
34,256,sequential,False,5999,0.040619,62104,0,0.0,Workers,502
35,256,sequential,False,6001,0.040201,67671,0,0.0,Workers,502
36,256,sequential,False,6001,0.038918,67505,0,0.0,Workers,502
37,256,sequential,False,6001,0.041059,70084,0,0.0,Workers,502
38,256,sequential,False,5999,0.042189,73407,0,0.0,Workers,502
39,256,sequential,False,5999,0.039435,63321,0,0.0,Workers,502
40,256,sequential,False,6000,0.037608,61465,0,0.0,Workers,502
41,256,sequential,False,5999,0.046027,74939,0,0.0,Workers,502
42,256,sequential,False,6001,0.049879,74740,0,0.0,Workers,502
43,256,sequential,False,6000,0.036847,61412,0,0.0,Workers,502
44,256,sequential,False,6000,0.044852,72137,0,0.0,Workers,502
45,256,sequential,False,5999,0.044353,68151,0,0.0,Workers,502
46,256,sequential,False,5999,0.044345,64986,0,0.0,Workers,502
47,256,sequential,False,5999,0.042583,68221,0,0.0,Workers,502
48,256,sequential,False,5999,0.040515,67276,0,0.0,Workers,502
49,256,sequential,False,6001,0.044048,69508,0,0.0,Workers,502
50,256,burst,False,116000,0.040286,1386354,0,0.0,Workers,502
51,256,burst,False,5999,0.049325,70168,0,0.0,Workers,502
52,256,burst,False,116000,0.046348,1301581,0,0.0,Workers,502
53,256,burst,False,6000,0.049578,71916,0,0.0,Workers,502
54,256,burst,False,116000,0.049333,2000891,0,0.0,Workers,502
55,256,burst,False,116000,0.037572,2162602,0,0.0,Workers,502
56,256,burst,False,6000,0.041865,68559,0,0.0,Workers,502
57,256,burst,False,116000,0.044534,1445455,0,0.0,Workers,502
58,256,burst,False,116000,0.044725,1036114,0,0.0,Workers,502
59,256,burst,False,6000,0.044365,70279,0,0.0,Workers,502
60,256,burst,False,5999,0.039899,62139,0,0.0,Workers,502
61,256,burst,False,5999,0.041161,71885,0,0.0,Workers,502
62,256,burst,False,5999,0.050333,86084,0,0.0,Workers,502
63,256,burst,False,6001,0.05029,76694,0,0.0,Workers,502
64,256,burst,False,6001,0.050276,78693,0,0.0,Workers,502
65,256,burst,False,116000,0.040289,1509216,0,0.0,Workers,502
66,256,burst,False,116000,0.045872,1815554,0,0.0,Workers,502
67,256,burst,False,116000,0.045983,1472658,0,0.0,Workers,502
68,256,burst,False,5999,0.045822,74326,0,0.0,Workers,502
69,256,burst,False,6000,0.048926,79104,0,0.0,Workers,502
70,256,burst,False,116000,0.038053,1102596,0,0.0,Workers,502
71,256,burst,False,115999,0.042917,1102509,0,0.0,Workers,502
72,256,burst,False,6000,0.043964,71459,0,0.0,Workers,502
73,256,burst,False,6000,0.043165,67336,0,0.0,Workers,502
74,256,burst,False,6001,0.044065,73209,0,0.0,Workers,502
75,256,burst,False,5999,0.043541,66724,0,0.0,Workers,502
76,256,burst,False,6001,0.038116,66302,0,0.0,Workers,502
77,256,burst,False,6001,0.043759,67420,0,0.0,Workers,502
78,256,burst,False,5999,0.048,76223,0,0.0,Workers,502
79,256,burst,False,116000,0.043623,1649879,0,0.0,Workers,502
80,256,burst,False,116000,0.045481,2057853,0,0.0,Workers,502
81,256,burst,False,116000,0.043321,2160396,0,0.0,Workers,502
82,256,burst,False,5999,0.034587,62232,0,0.0,Workers,502
83,256,burst,False,6001,0.040173,68584,0,0.0,Workers,502
84,256,burst,False,6001,0.04314,71140,0,0.0,Workers,502
85,256,burst,False,6001,0.047295,67519,0,0.0,Workers,502
86,256,burst,False,5999,0.03886,70120,0,0.0,Workers,502
87,256,burst,False,116000,0.043582,1497192,0,0.0,Workers,502
88,256,burst,False,116000,0.043805,1444531,0,0.0,Workers,502
89,256,burst,False,6001,0.043779,67013,0,0.0,Workers,502
90,256,burst,False,6001,0.03908,68258,0,0.0,Workers,502
91,256,burst,False,6000,0.044384,72197,0,0.0,Workers,502
92,256,burst,False,116000,0.04669,2004536,0,0.0,Workers,502
93,256,burst,False,6001,0.047646,72350,0,0.0,Workers,502
94,256,burst,False,5999,0.046749,86965,0,0.0,Workers,502
95,256,burst,False,116001,0.037779,1039848,0,0.0,Workers,502
96,256,burst,False,6001,0.043718,79123,0,0.0,Workers,502
97,256,burst,False,5999,0.043822,64734,0,0.0,Workers,502
98,256,burst,False,6000,0.046671,70690,0,0.0,Workers,502
99,256,burst,False,6001,0.046949,79173,0,0.0,Workers,502
100,256,warm,False,5999,0.039412,72518,0,0.0,Workers,502
101,256,warm,False,116000,0.050231,1140393,0,0.0,Workers,502
102,256,warm,False,5999,0.050077,80816,0,0.0,Workers,502
103,256,warm,False,6001,0.050108,80964,0,0.0,Workers,502
104,256,warm,False,115999,0.0503,1140830,0,0.0,Workers,502
105,256,warm,False,6001,0.037995,66023,0,0.0,Workers,502
106,256,warm,False,5999,0.047485,75214,0,0.0,Workers,502
107,256,warm,False,5999,0.047217,70524,0,0.0,Workers,502
108,256,warm,False,116000,0.049482,1273010,0,0.0,Workers,502
109,256,warm,False,116000,0.047289,2155875,0,0.0,Workers,502
110,256,warm,False,5999,0.036683,58763,0,0.0,Workers,502
111,256,warm,False,116000,0.047526,1765700,0,0.0,Workers,502
112,256,warm,False,116000,0.045151,1765739,0,0.0,Workers,502
113,256,warm,False,5999,0.047251,73930,0,0.0,Workers,502
114,256,warm,False,6001,0.048755,78321,0,0.0,Workers,502
115,256,warm,False,6001,0.052998,82000,0,0.0,Workers,502
116,256,warm,False,116000,0.0527,2285447,0,0.0,Workers,502
117,256,warm,False,116000,0.052306,2159475,0,0.0,Workers,502
118,256,warm,False,6001,0.052746,80798,0,0.0,Workers,502
119,256,warm,False,6000,0.05239,79250,0,0.0,Workers,502
120,256,warm,False,6000,0.038942,67668,0,0.0,Workers,502
121,256,warm,False,116000,0.044549,1836116,0,0.0,Workers,502
122,256,warm,False,6000,0.046755,74222,0,0.0,Workers,502
123,256,warm,False,6000,0.044573,69666,0,0.0,Workers,502
124,256,warm,False,116000,0.046884,1868181,0,0.0,Workers,502
125,256,warm,False,5999,0.041607,68623,0,0.0,Workers,502
126,256,warm,False,6001,0.040732,66431,0,0.0,Workers,502
127,256,warm,False,6001,0.04062,67363,0,0.0,Workers,502
128,256,warm,False,6000,0.033604,63445,0,0.0,Workers,502
129,256,warm,False,116000,0.041919,1922574,0,0.0,Workers,502
130,256,warm,False,116000,0.046343,1096152,0,0.0,Workers,502
131,256,warm,False,115999,0.046243,1095852,0,0.0,Workers,502
132,256,warm,False,116000,0.043343,1653849,0,0.0,Workers,502
133,256,warm,False,6000,0.043439,67613,0,0.0,Workers,502
134,256,warm,False,5999,0.04032,70458,0,0.0,Workers,502
135,256,warm,False,6001,0.036772,64219,0,0.0,Workers,502
136,256,warm,False,116001,0.046565,1441122,0,0.0,Workers,502
137,256,warm,False,116000,0.050586,2158117,0,0.0,Workers,502
138,256,warm,False,6000,0.046772,69847,0,0.0,Workers,502
139,256,warm,False,5999,0.046473,72636,0,0.0,Workers,502
140,256,warm,False,5999,0.043675,64157,0,0.0,Workers,502
141,256,warm,False,5999,0.043464,75525,0,0.0,Workers,502
142,256,warm,False,6000,0.047185,71640,0,0.0,Workers,502
143,256,warm,False,6000,0.037565,70493,0,0.0,Workers,502
144,256,warm,False,116000,0.046977,1855870,0,0.0,Workers,502
145,256,warm,False,5999,0.039758,62510,0,0.0,Workers,502
146,256,warm,False,6000,0.039802,65626,0,0.0,Workers,502
147,256,warm,False,5999,0.039718,62577,0,0.0,Workers,502
148,256,warm,False,6001,0.035338,65892,0,0.0,Workers,502
149,256,warm,False,115999,0.04317,2058598,0,0.0,Workers,502
0,256,sequential,False,274,0.043696,120073,0,28.765625,Containers,502
1,256,sequential,False,294,0.041871,166740,0,28.765625,Containers,502
2,256,sequential,False,214,0.043093,119041,0,28.765625,Containers,502
3,256,sequential,False,306,0.041065,122629,0,28.765625,Containers,502
4,256,sequential,False,231,0.045486,123320,0,28.765625,Containers,502
5,256,sequential,False,293,0.040234,173878,0,28.765625,Containers,502
6,256,sequential,False,360,0.049615,206890,0,28.765625,Containers,502
7,256,sequential,False,246,0.04464,140558,0,28.765625,Containers,502
8,256,sequential,False,300,0.0412,121213,0,28.765625,Containers,502
9,256,sequential,False,247,0.041792,166499,0,28.765625,Containers,502
10,256,sequential,False,228,0.041435,141154,0,28.765625,Containers,502
11,256,sequential,False,250,0.043442,125132,0,28.765625,Containers,502
12,256,sequential,False,238,0.0428,179115,0,28.765625,Containers,502
13,256,sequential,False,240,0.042163,124958,0,28.765625,Containers,502
14,256,sequential,False,195,0.037987,135410,0,28.765625,Containers,502
15,256,sequential,False,207,0.041463,162232,0,28.765625,Containers,502
16,256,sequential,False,288,0.041616,159564,0,28.765625,Containers,502
17,256,sequential,False,276,0.0417,166191,0,28.765625,Containers,502
18,256,sequential,False,213,0.048994,148750,0,28.765625,Containers,502
19,256,sequential,False,216,0.041934,157110,0,28.765625,Containers,502
20,256,sequential,False,354,0.047511,126014,0,28.765625,Containers,502
21,256,sequential,False,280,0.040248,128611,0,28.765625,Containers,502
22,256,sequential,False,237,0.051719,127504,0,28.765625,Containers,502
23,256,sequential,False,233,0.04084,147786,0,28.765625,Containers,502
24,256,sequential,False,236,0.045365,185812,0,28.765625,Containers,502
25,256,sequential,False,302,0.046502,175056,0,28.765625,Containers,502
26,256,sequential,False,214,0.046729,125297,0,28.765625,Containers,502
27,256,sequential,False,317,0.044302,134336,0,28.765625,Containers,502
28,256,sequential,False,279,0.047726,148025,0,28.765625,Containers,502
29,256,sequential,False,300,0.045163,155333,0,28.765625,Containers,502
30,256,sequential,False,351,0.040281,138209,0,28.765625,Containers,502
31,256,sequential,False,332,0.037115,159971,0,28.765625,Containers,502
32,256,sequential,False,202,0.042014,164178,0,28.765625,Containers,502
33,256,sequential,False,239,0.040354,115283,0,28.765625,Containers,502
34,256,sequential,False,326,0.043103,131107,0,28.765625,Containers,502
35,256,sequential,False,204,0.040735,119380,0,28.765625,Containers,502
36,256,sequential,False,298,0.043691,121115,0,28.765625,Containers,502
37,256,sequential,False,250,0.041047,159175,0,28.765625,Containers,502
38,256,sequential,False,234,0.042041,160026,0,28.765625,Containers,502
39,256,sequential,False,307,0.045761,175826,0,28.765625,Containers,502
40,256,sequential,False,804,0.042657,158956,0,28.765625,Containers,502
41,256,sequential,False,247,0.041526,113928,0,28.765625,Containers,502
42,256,sequential,False,443,0.044801,166346,0,28.765625,Containers,502
43,256,sequential,False,214,0.040564,138619,0,28.765625,Containers,502
44,256,sequential,False,410,0.045751,173633,0,28.765625,Containers,502
45,256,sequential,False,377,0.044383,170353,0,28.765625,Containers,502
46,256,sequential,False,235,0.042955,117561,0,28.765625,Containers,502
47,256,sequential,False,275,0.046908,145274,0,28.765625,Containers,502
48,256,sequential,False,228,0.043137,147252,0,28.765625,Containers,502
49,256,sequential,False,304,0.046041,123177,0,28.765625,Containers,502
50,256,burst,False,214,0.039999,132450,0,28.765625,Containers,502
51,256,burst,False,273,0.040114,116978,0,28.765625,Containers,502
52,256,burst,False,198,0.041519,149916,0,28.765625,Containers,502
53,256,burst,False,130,0.041534,158241,0,28.765625,Containers,502
54,256,burst,False,121,0.043054,129808,0,28.765625,Containers,502
55,256,burst,False,150,0.040604,168327,0,28.765625,Containers,502
56,256,burst,False,155,0.046044,140111,0,28.765625,Containers,502
57,256,burst,False,106,0.046191,122991,0,28.765625,Containers,502
58,256,burst,False,135,0.047878,177928,0,28.765625,Containers,502
59,256,burst,False,358,0.046113,123038,0,28.765625,Containers,502
60,256,burst,False,405,0.041177,124851,0,28.765625,Containers,502
61,256,burst,False,192,0.053082,128555,0,28.765625,Containers,502
62,256,burst,False,165,0.053393,152494,0,28.765625,Containers,502
63,256,burst,False,166,0.053178,172024,0,28.765625,Containers,502
64,256,burst,False,176,0.059569,136017,0,28.765625,Containers,502
65,256,burst,False,228,0.045114,128888,0,28.765625,Containers,502
66,256,burst,False,215,0.054055,155497,0,28.765625,Containers,502
67,256,burst,False,146,0.053624,163149,0,28.765625,Containers,502
68,256,burst,False,162,0.054099,162855,0,28.765625,Containers,502
69,256,burst,False,156,0.05104,127742,0,28.765625,Containers,502
70,256,burst,False,211,0.044771,134757,0,28.765625,Containers,502
71,256,burst,False,184,0.041801,187512,0,28.765625,Containers,502
72,256,burst,False,390,0.044863,122893,0,28.765625,Containers,502
73,256,burst,False,108,0.045034,192939,0,28.765625,Containers,502
74,256,burst,False,510,0.045097,148777,0,28.765625,Containers,502
75,256,burst,False,316,0.051593,127430,0,28.765625,Containers,502
76,256,burst,False,261,0.049965,160771,0,28.765625,Containers,502
77,256,burst,False,127,0.044052,162033,0,28.765625,Containers,502
78,256,burst,False,263,0.051611,169211,0,28.765625,Containers,502
79,256,burst,False,196,0.051781,136654,0,28.765625,Containers,502
80,256,burst,False,128,0.044819,123163,0,28.765625,Containers,502
81,256,burst,False,226,0.044794,173301,0,28.765625,Containers,502
82,256,burst,False,207,0.044806,179007,0,28.765625,Containers,502
83,256,burst,False,252,0.038839,123141,0,28.765625,Containers,502
84,256,burst,False,229,0.04501,149566,0,28.765625,Containers,502
85,256,burst,False,338,0.0557,134718,0,28.765625,Containers,502
86,256,burst,False,167,0.049013,152436,0,28.765625,Containers,502
87,256,burst,False,189,0.054665,142471,0,28.765625,Containers,502
88,256,burst,False,144,0.052161,132956,0,28.765625,Containers,502
89,256,burst,False,121,0.054424,140771,0,28.765625,Containers,502
90,256,burst,False,281,0.035748,116982,0,28.765625,Containers,502
91,256,burst,False,190,0.040463,126458,0,28.765625,Containers,502
92,256,burst,False,143,0.042241,164248,0,28.765625,Containers,502
93,256,burst,False,279,0.048467,164536,0,28.765625,Containers,502
94,256,burst,False,119,0.052548,179066,0,28.765625,Containers,502
95,256,burst,False,149,0.04746,124681,0,28.765625,Containers,502
96,256,burst,False,125,0.044036,152701,0,28.765625,Containers,502
97,256,burst,False,279,0.047133,119377,0,28.765625,Containers,502
98,256,burst,False,174,0.056271,146272,0,28.765625,Containers,502
99,256,burst,False,157,0.056085,170848,0,28.765625,Containers,502
100,256,warm,False,164,0.044677,171759,0,28.765625,Containers,502
101,256,warm,False,270,0.040165,369915,0,28.765625,Containers,502
102,256,warm,False,116,0.044733,269900,0,28.765625,Containers,502
103,256,warm,False,236,0.047451,151688,0,28.765625,Containers,502
104,256,warm,False,329,0.046992,128204,0,28.765625,Containers,502
105,256,warm,False,242,0.04976,283566,0,28.765625,Containers,502
106,256,warm,False,80,0.049697,284270,0,28.765625,Containers,502
107,256,warm,False,94,0.04938,290096,0,28.765625,Containers,502
108,256,warm,False,183,0.049506,149188,0,28.765625,Containers,502
109,256,warm,False,228,0.052487,140935,0,28.765625,Containers,502
110,256,warm,False,217,0.047991,168450,0,28.765625,Containers,502
111,256,warm,False,121,0.050433,165037,0,28.765625,Containers,502
112,256,warm,False,241,0.042452,159483,0,28.765625,Containers,502
113,256,warm,False,215,0.045979,175014,0,28.765625,Containers,502
114,256,warm,False,1144,0.043391,135999,0,28.765625,Containers,502
115,256,warm,False,366,0.042771,148840,0,28.765625,Containers,502
116,256,warm,False,221,0.04632,161689,0,28.765625,Containers,502
117,256,warm,False,199,0.044813,172396,0,28.765625,Containers,502
118,256,warm,False,312,0.045115,125571,0,28.765625,Containers,502
119,256,warm,False,174,0.041138,163614,0,28.765625,Containers,502
120,256,warm,False,271,0.046669,149444,0,28.765625,Containers,502
121,256,warm,False,201,0.046735,171130,0,28.765625,Containers,502
122,256,warm,False,307,0.041764,134067,0,28.765625,Containers,502
123,256,warm,False,115,0.049468,191203,0,28.765625,Containers,502
124,256,warm,False,270,0.049849,142233,0,28.765625,Containers,502
125,256,warm,False,261,0.049422,191262,0,28.765625,Containers,502
126,256,warm,False,224,0.049695,184413,0,28.765625,Containers,502
127,256,warm,False,338,0.047898,147032,0,28.765625,Containers,502
128,256,warm,False,146,0.040849,158196,0,28.765625,Containers,502
129,256,warm,False,201,0.045384,152378,0,28.765625,Containers,502
130,256,warm,False,104,0.045642,153807,0,28.765625,Containers,502
131,256,warm,False,427,0.048253,176144,0,28.765625,Containers,502
132,256,warm,False,161,0.040687,192827,0,28.765625,Containers,502
133,256,warm,False,265,0.03395,125041,0,28.765625,Containers,502
134,256,warm,False,208,0.042943,192897,0,28.765625,Containers,502
135,256,warm,False,165,0.044092,122128,0,28.765625,Containers,502
136,256,warm,False,242,0.052307,293519,0,28.765625,Containers,502
137,256,warm,False,891,0.042079,119238,0,28.765625,Containers,502
138,256,warm,False,191,0.051978,146567,0,28.765625,Containers,502
139,256,warm,False,157,0.052995,177452,0,28.765625,Containers,502
140,256,warm,False,238,0.051897,167944,0,28.765625,Containers,502
141,256,warm,False,168,0.052049,152753,0,28.765625,Containers,502
142,256,warm,False,272,0.04918,162105,0,28.765625,Containers,502
143,256,warm,False,209,0.060667,147481,0,28.765625,Containers,502
144,256,warm,False,196,0.06003,174363,0,28.765625,Containers,502
145,256,warm,False,138,0.054438,170918,0,28.765625,Containers,502
146,256,warm,False,302,0.05845,171380,0,28.765625,Containers,502
147,256,warm,False,125,0.051022,159732,0,28.765625,Containers,502
148,256,warm,False,268,0.051358,156733,0,28.765625,Containers,502
149,256,warm,False,152,0.050926,156535,0,28.765625,Containers,502
150,256,warm,False,158,0.051268,170333,0,28.765625,Containers,502
151,256,warm,False,94,0.043636,164334,0,28.765625,Containers,502
0,256,burst,True,506070,0.041913,847869,508290,51.0,AWS,503
1,256,burst,True,527317,0.039052,895911,529890,51.0,AWS,503
2,256,burst,True,511031,0.041594,849139,530380,51.0,AWS,503
3,256,burst,True,486481,0.045782,877250,506110,51.0,AWS,503
4,256,burst,True,516170,0.047852,895418,536430,51.0,AWS,503
5,256,burst,True,504677,0.044652,848992,507280,51.0,AWS,503
6,256,burst,True,512105,0.05373,835743,514690,51.0,AWS,503
7,256,burst,True,516931,0.048737,868709,536450,51.0,AWS,503
8,256,burst,True,496402,0.072198,906568,516030,51.0,AWS,503
9,256,burst,True,481983,0.072,906175,501380,51.0,AWS,503
10,256,burst,True,508562,0.043719,902555,528510,51.0,AWS,503
11,256,burst,True,502988,0.045955,833196,522429,51.0,AWS,503
12,256,burst,True,527955,0.045496,877704,547940,51.0,AWS,503
13,256,burst,True,494559,0.040048,826625,513960,51.0,AWS,503
14,256,burst,True,482942,0.036159,901139,485480,51.0,AWS,503
15,256,burst,True,511415,0.041888,848052,514020,51.0,AWS,503
16,256,burst,True,483394,0.041224,847698,503020,51.0,AWS,503
17,256,burst,True,515826,0.040494,849292,535370,51.0,AWS,503
18,256,burst,True,521338,0.044522,916976,541040,51.0,AWS,503
19,256,burst,True,508282,0.041618,848302,529460,51.0,AWS,503
20,256,burst,True,483514,0.053912,830160,502880,51.0,AWS,503
21,256,burst,True,525199,0.035687,914618,527690,51.0,AWS,503
22,256,burst,True,490764,0.048563,849167,510650,51.0,AWS,503
23,256,burst,True,493282,0.040825,914790,512559,51.0,AWS,503
24,256,burst,True,518538,0.048036,895264,539660,51.0,AWS,503
25,256,burst,True,485764,0.041707,915799,505180,51.0,AWS,503
26,256,burst,True,466430,0.070648,906328,485870,51.0,AWS,503
27,256,burst,True,446964,0.053083,729526,465480,51.0,AWS,503
28,256,burst,True,535304,0.041252,914433,537960,51.0,AWS,503
29,256,burst,True,497522,0.045635,819102,499670,51.0,AWS,503
30,256,burst,True,495488,0.048723,849006,514530,51.0,AWS,503
31,256,burst,True,520678,0.037192,875635,523289,51.0,AWS,503
32,256,burst,True,497160,0.042094,901045,516470,51.0,AWS,503
33,256,burst,True,528773,0.046555,894284,548000,51.0,AWS,503
34,256,burst,True,496033,0.04156,826860,516059,51.0,AWS,503
35,256,burst,True,493697,0.043266,874925,496100,51.0,AWS,503
36,256,burst,True,473315,0.072009,907090,492860,51.0,AWS,503
37,256,burst,True,504008,0.044601,914534,523409,51.0,AWS,503
38,256,burst,True,509770,0.034683,840269,529220,51.0,AWS,503
39,256,burst,True,553899,0.048404,905935,573820,51.0,AWS,503
40,256,burst,True,494292,0.045301,875361,513570,51.0,AWS,503
41,256,burst,True,500446,0.042395,900990,521620,51.0,AWS,503
42,256,burst,True,515052,0.035499,850994,534340,51.0,AWS,503
43,256,burst,True,499844,0.048759,850428,519140,51.0,AWS,503
44,256,burst,True,511432,0.049901,799916,531500,51.0,AWS,503
45,256,burst,True,506939,0.047826,895496,526380,51.0,AWS,503
46,256,burst,True,489761,0.040557,827002,510000,51.0,AWS,503
47,256,burst,True,556065,0.049389,926527,558900,51.0,AWS,503
48,256,burst,True,504140,0.072053,906721,525500,51.0,AWS,503
49,256,burst,True,525605,0.042159,901281,528310,51.0,AWS,503
50,256,warm,False,301,0.048238,96496,1740,51.0,AWS,503
51,256,warm,False,286,0.043951,90378,1770,51.0,AWS,503
52,256,warm,False,232,0.041659,97631,5460,51.0,AWS,503
53,256,warm,False,305,0.048879,82967,2090,51.0,AWS,503
54,256,warm,False,316,0.042415,80054,1840,51.0,AWS,503
55,256,warm,False,295,0.045919,101016,10630,51.0,AWS,503
56,256,warm,False,325,0.051301,99629,2060,51.0,AWS,503
57,256,warm,False,291,0.04195,93992,1950,51.0,AWS,503
58,256,warm,False,320,0.043329,94391,1940,51.0,AWS,503
59,256,warm,False,318,0.041659,113263,2020,51.0,AWS,503
60,256,warm,False,247,0.035268,87819,1550,51.0,AWS,503
61,256,warm,False,290,0.040115,77457,1830,51.0,AWS,503
62,256,warm,False,288,0.056313,111211,1720,51.0,AWS,503
63,256,warm,False,288,0.043305,75442,1860,51.0,AWS,503
64,256,warm,False,297,0.049292,84891,2029,51.0,AWS,503
65,256,warm,False,307,0.052266,107258,1870,51.0,AWS,503
66,256,warm,False,297,0.041638,77679,1970,51.0,AWS,503
67,256,warm,False,316,0.053498,121341,2130,51.0,AWS,503
68,256,warm,False,293,0.052223,98397,1860,51.0,AWS,503
69,256,warm,False,269,0.043462,99450,14710,51.0,AWS,503
70,256,warm,False,239,0.048317,100541,1630,51.0,AWS,503
71,256,warm,False,335,0.034212,97127,2060,51.0,AWS,503
72,256,warm,False,325,0.090906,123251,1740,51.0,AWS,503
73,256,warm,False,300,0.048448,80146,1800,51.0,AWS,503
74,256,warm,False,308,0.092475,123308,2460,51.0,AWS,503
75,256,warm,False,300,0.043662,93616,1800,51.0,AWS,503
76,256,warm,False,320,0.04152,90272,2050,51.0,AWS,503
77,256,warm,False,312,0.051846,85287,2009,51.0,AWS,503
78,256,warm,False,299,0.041602,79852,2090,51.0,AWS,503
79,256,warm,False,301,0.051912,118481,1810,51.0,AWS,503
80,256,warm,False,290,0.041873,97669,1910,51.0,AWS,503
81,256,warm,False,308,0.091783,121250,2110,51.0,AWS,503
82,256,warm,False,298,0.039825,97153,1820,51.0,AWS,503
83,256,warm,False,289,0.04635,109957,1760,51.0,AWS,503
84,256,warm,False,294,0.046287,92484,2220,51.0,AWS,503
85,256,warm,False,302,0.041161,86777,1990,51.0,AWS,503
86,256,warm,False,243,0.03494,88750,1660,51.0,AWS,503
87,256,warm,False,302,0.049208,120506,14440,51.0,AWS,503
88,256,warm,False,335,0.052041,100667,1870,51.0,AWS,503
89,256,warm,False,254,0.048066,95674,1710,51.0,AWS,503
90,256,warm,False,302,0.044885,101545,1870,51.0,AWS,503
91,256,warm,False,302,0.091503,141808,1890,51.0,AWS,503
92,256,warm,False,287,0.051991,103300,8860,51.0,AWS,503
93,256,warm,False,352,0.04604,89482,15160,51.0,AWS,503
94,256,warm,False,288,0.091299,120524,1870,51.0,AWS,503
95,256,warm,False,262,0.052521,86346,1620,51.0,AWS,503
96,256,warm,False,296,0.043592,100452,1870,51.0,AWS,503
97,256,warm,False,295,0.049169,102199,12260,51.0,AWS,503
98,256,warm,False,305,0.044024,115436,7960,51.0,AWS,503
99,256,warm,False,287,0.035327,86481,10990,51.0,AWS,503
100,256,sequential,False,320,0.036894,70120,1950,51.0,AWS,503
101,256,sequential,False,307,0.046881,82561,1860,51.0,AWS,503
102,256,sequential,False,343,0.040105,92092,2250,51.0,AWS,503
103,256,sequential,False,320,0.046897,81715,1810,51.0,AWS,503
104,256,sequential,False,311,0.040469,72504,0,,AWS,503
105,256,sequential,False,310,0.047175,84015,2050,51.0,AWS,503
106,256,sequential,False,317,0.069888,105362,1820,51.0,AWS,503
107,256,sequential,False,304,0.045628,101856,1840,51.0,AWS,503
108,256,sequential,False,356,0.043378,88089,2020,51.0,AWS,503
109,256,sequential,False,304,0.043277,74200,1860,51.0,AWS,503
110,256,sequential,False,300,0.04079,114923,1950,51.0,AWS,503
111,256,sequential,False,309,0.041028,71064,1850,51.0,AWS,503
112,256,sequential,False,355,0.040445,81807,2060,51.0,AWS,503
113,256,sequential,False,299,0.044094,81808,1690,51.0,AWS,503
114,256,sequential,False,306,0.039764,74521,1810,51.0,AWS,503
115,256,sequential,False,305,0.043719,95473,1830,51.0,AWS,503
116,256,sequential,False,320,0.039122,71432,1820,51.0,AWS,503
117,256,sequential,False,306,0.043839,76179,1860,51.0,AWS,503
118,256,sequential,False,306,0.044809,81294,1840,51.0,AWS,503
119,256,sequential,False,311,0.041632,96665,14560,51.0,AWS,503
120,256,sequential,False,298,0.046313,78177,1860,51.0,AWS,503
121,256,sequential,False,306,0.043766,76118,1850,51.0,AWS,503
122,256,sequential,False,295,0.048569,85893,1720,51.0,AWS,503
123,256,sequential,False,324,0.047128,86478,0,,AWS,503
124,256,sequential,False,353,0.042681,82051,1820,51.0,AWS,503
125,256,sequential,False,323,0.070168,110372,1900,51.0,AWS,503
126,256,sequential,False,305,0.041449,75668,0,,AWS,503
127,256,sequential,False,307,0.043666,74598,1720,51.0,AWS,503
128,256,sequential,False,328,0.04241,77204,1930,51.0,AWS,503
129,256,sequential,False,305,0.067721,119777,2300,51.0,AWS,503
130,256,sequential,False,306,0.041311,74412,1840,51.0,AWS,503
131,256,sequential,False,322,0.045464,81461,1810,51.0,AWS,503
132,256,sequential,False,302,0.038879,71719,1910,51.0,AWS,503
133,256,sequential,False,328,0.046708,75324,1830,51.0,AWS,503
134,256,sequential,False,309,0.043849,84393,1920,51.0,AWS,503
135,256,sequential,False,326,0.068587,110785,0,,AWS,503
136,256,sequential,False,315,0.067221,105169,1940,51.0,AWS,503
137,256,sequential,False,306,0.044865,90862,1920,51.0,AWS,503
138,256,sequential,False,338,0.043041,99361,1850,51.0,AWS,503
139,256,sequential,False,303,0.067615,120914,1910,51.0,AWS,503
140,256,sequential,False,333,0.045478,82993,1880,51.0,AWS,503
141,256,sequential,False,309,0.044602,78237,2060,51.0,AWS,503
142,256,sequential,False,319,0.037252,87605,0,,AWS,503
143,256,sequential,False,310,0.042803,97282,1910,51.0,AWS,503
144,256,sequential,False,318,0.044664,108807,1780,51.0,AWS,503
145,256,sequential,False,425,0.034109,79120,3960,51.0,AWS,503
146,256,sequential,False,298,0.038671,70913,1740,51.0,AWS,503
147,256,sequential,False,314,0.045847,96330,1830,51.0,AWS,503
148,256,sequential,False,328,0.040215,76165,2490,51.0,AWS,503
149,256,sequential,False,310,0.048189,85221,1730,51.0,AWS,503
0,256,sequential,False,5999,0.048354,72442,0,0.0,Workers,503
1,256,sequential,False,6001,0.035777,60054,0,0.0,Workers,503
2,256,sequential,False,6001,0.042508,67393,0,0.0,Workers,503
3,256,sequential,False,5999,0.039922,62589,0,0.0,Workers,503
4,256,sequential,False,5999,0.044294,69053,0,0.0,Workers,503
5,256,sequential,False,6001,0.043317,67404,0,0.0,Workers,503
6,256,sequential,False,6001,0.042204,73425,0,0.0,Workers,503
7,256,sequential,False,5999,0.040932,63012,0,0.0,Workers,503
8,256,sequential,False,6001,0.047994,74902,0,0.0,Workers,503
9,256,sequential,False,6000,0.041078,64145,0,0.0,Workers,503
10,256,sequential,False,5999,0.042518,64330,0,0.0,Workers,503
11,256,sequential,False,6000,0.03735,68956,0,0.0,Workers,503
12,256,sequential,False,6001,0.037124,63709,0,0.0,Workers,503
13,256,sequential,False,5999,0.044604,71905,0,0.0,Workers,503
14,256,sequential,False,6000,0.044166,72356,0,0.0,Workers,503
15,256,sequential,False,6001,0.042512,71674,0,0.0,Workers,503
16,256,sequential,False,6000,0.047992,72768,0,0.0,Workers,503
17,256,sequential,False,6000,0.044478,67150,0,0.0,Workers,503
18,256,sequential,False,5999,0.042184,69339,0,0.0,Workers,503
19,256,sequential,False,5999,0.056511,88161,0,0.0,Workers,503
20,256,sequential,False,6000,0.046029,72743,0,0.0,Workers,503
21,256,sequential,False,6000,0.043274,67034,0,0.0,Workers,503
22,256,sequential,False,5999,0.039923,68826,0,0.0,Workers,503
23,256,sequential,False,6001,0.040435,63875,0,0.0,Workers,503
24,256,sequential,False,6001,0.042723,68619,0,0.0,Workers,503
25,256,sequential,False,6001,0.03819,68269,0,0.0,Workers,503
26,256,sequential,False,5999,0.045703,73334,0,0.0,Workers,503
27,256,sequential,False,5999,0.038007,62738,0,0.0,Workers,503
28,256,sequential,False,6001,0.043974,70041,0,0.0,Workers,503
29,256,sequential,False,5999,0.044397,70333,0,0.0,Workers,503
30,256,sequential,False,6001,0.043914,69811,0,0.0,Workers,503
31,256,sequential,False,6000,0.041492,64222,0,0.0,Workers,503
32,256,sequential,False,5999,0.043357,73982,0,0.0,Workers,503
33,256,sequential,False,6001,0.041062,63656,0,0.0,Workers,503
34,256,sequential,False,6000,0.039004,65182,0,0.0,Workers,503
35,256,sequential,False,5999,0.041075,70104,0,0.0,Workers,503
36,256,sequential,False,6001,0.044703,68752,0,0.0,Workers,503
37,256,sequential,False,5999,0.038025,65046,0,0.0,Workers,503
38,256,sequential,False,6000,0.040922,63905,0,0.0,Workers,503
39,256,sequential,False,6001,0.039595,67580,0,0.0,Workers,503
40,256,sequential,False,6000,0.042271,62907,0,0.0,Workers,503
41,256,sequential,False,6000,0.03792,60084,0,0.0,Workers,503
42,256,sequential,False,6001,0.04167,65969,0,0.0,Workers,503
43,256,sequential,False,6001,0.040196,66078,0,0.0,Workers,503
44,256,sequential,False,5999,0.041172,64722,0,0.0,Workers,503
45,256,sequential,False,5999,0.03787,66556,0,0.0,Workers,503
46,256,sequential,False,5999,0.040566,64818,0,0.0,Workers,503
47,256,sequential,False,5999,0.043035,70968,0,0.0,Workers,503
48,256,sequential,False,6001,0.038651,64434,0,0.0,Workers,503
49,256,sequential,False,5999,0.042948,68276,0,0.0,Workers,503
50,256,burst,False,5999,0.049886,73901,0,0.0,Workers,503
51,256,burst,False,116000,0.049674,1246929,0,0.0,Workers,503
52,256,burst,False,5999,0.052092,89187,0,0.0,Workers,503
53,256,burst,False,5999,0.056247,84374,0,0.0,Workers,503
54,256,burst,False,5999,0.064179,89166,0,0.0,Workers,503
55,256,burst,False,6001,0.038535,59037,0,0.0,Workers,503
56,256,burst,False,6001,0.052753,79396,0,0.0,Workers,503
57,256,burst,False,6000,0.052633,83739,0,0.0,Workers,503
58,256,burst,False,5999,0.052573,81080,0,0.0,Workers,503
59,256,burst,False,6001,0.058105,89632,0,0.0,Workers,503
60,256,burst,False,5999,0.040988,72862,0,0.0,Workers,503
61,256,burst,False,6001,0.046724,70423,0,0.0,Workers,503
62,256,burst,False,6001,0.046579,70154,0,0.0,Workers,503
63,256,burst,False,6001,0.047057,74677,0,0.0,Workers,503
64,256,burst,False,6001,0.046908,78069,0,0.0,Workers,503
65,256,burst,False,115999,0.042092,1918911,0,0.0,Workers,503
66,256,burst,False,6001,0.044054,66385,0,0.0,Workers,503
67,256,burst,False,116000,0.040411,1098609,0,0.0,Workers,503
68,256,burst,False,6001,0.035274,69218,0,0.0,Workers,503
69,256,burst,False,5999,0.044108,77722,0,0.0,Workers,503
70,256,burst,False,6000,0.043588,69287,0,0.0,Workers,503
71,256,burst,False,116000,0.040143,1341258,0,0.0,Workers,503
72,256,burst,False,6000,0.046398,69579,0,0.0,Workers,503
73,256,burst,False,6001,0.046422,88849,0,0.0,Workers,503
74,256,burst,False,5999,0.046102,69475,0,0.0,Workers,503
75,256,burst,False,6001,0.041955,70309,0,0.0,Workers,503
76,256,burst,False,6001,0.034352,63418,0,0.0,Workers,503
77,256,burst,False,116000,0.041922,1424835,0,0.0,Workers,503
78,256,burst,False,6001,0.041799,68721,0,0.0,Workers,503
79,256,burst,False,5999,0.041862,74179,0,0.0,Workers,503
80,256,burst,False,116001,0.043544,1053238,0,0.0,Workers,503
81,256,burst,False,6000,0.038965,67869,0,0.0,Workers,503
82,256,burst,False,6001,0.043705,78225,0,0.0,Workers,503
83,256,burst,False,116000,0.043438,1566411,0,0.0,Workers,503
84,256,burst,False,5999,0.036401,62371,0,0.0,Workers,503
85,256,burst,False,6001,0.049308,74998,0,0.0,Workers,503
86,256,burst,False,6001,0.046648,74972,0,0.0,Workers,503
87,256,burst,False,6000,0.048255,76646,0,0.0,Workers,503
88,256,burst,False,115999,0.043878,2064431,0,0.0,Workers,503
89,256,burst,False,5999,0.047942,75239,0,0.0,Workers,503
90,256,burst,False,6001,0.047654,69576,0,0.0,Workers,503
91,256,burst,False,116000,0.041602,1350803,0,0.0,Workers,503
92,256,burst,False,6001,0.049725,71768,0,0.0,Workers,503
93,256,burst,False,116000,0.04735,1571692,0,0.0,Workers,503
94,256,burst,False,5999,0.049912,74927,0,0.0,Workers,503
95,256,burst,False,6000,0.048947,74652,0,0.0,Workers,503
96,256,burst,False,116000,0.047342,1428204,0,0.0,Workers,503
97,256,burst,False,6001,0.042675,73853,0,0.0,Workers,503
98,256,burst,False,5999,0.047006,71915,0,0.0,Workers,503
99,256,burst,False,6000,0.050672,80499,0,0.0,Workers,503
100,256,warm,False,116000,0.043186,1754126,0,0.0,Workers,503
101,256,warm,False,6001,0.03684,65457,0,0.0,Workers,503
102,256,warm,False,5999,0.043055,77098,0,0.0,Workers,503
103,256,warm,False,6000,0.043552,71643,0,0.0,Workers,503
104,256,warm,False,6001,0.043519,77616,0,0.0,Workers,503
105,256,warm,False,6000,0.039667,69139,0,0.0,Workers,503
106,256,warm,False,116000,0.048003,1341938,0,0.0,Workers,503
107,256,warm,False,6000,0.048216,77044,0,0.0,Workers,503
108,256,warm,False,116000,0.048273,1033304,0,0.0,Workers,503
109,256,warm,False,6000,0.047633,75315,0,0.0,Workers,503
110,256,warm,False,6000,0.040212,73694,0,0.0,Workers,503
111,256,warm,False,6000,0.045658,69557,0,0.0,Workers,503
112,256,warm,False,6000,0.045936,75578,0,0.0,Workers,503
113,256,warm,False,6000,0.047632,87061,0,0.0,Workers,503
114,256,warm,False,116000,0.046044,1179447,0,0.0,Workers,503
115,256,warm,False,6001,0.038262,67458,0,0.0,Workers,503
116,256,warm,False,6001,0.04061,66473,0,0.0,Workers,503
117,256,warm,False,116000,0.04032,1510595,0,0.0,Workers,503
118,256,warm,False,6000,0.04119,73962,0,0.0,Workers,503
119,256,warm,False,6000,0.041272,76110,0,0.0,Workers,503
120,256,warm,False,116001,0.044508,1545528,0,0.0,Workers,503
121,256,warm,False,6000,0.044759,76177,0,0.0,Workers,503
122,256,warm,False,5999,0.038081,68182,0,0.0,Workers,503
123,256,warm,False,6001,0.044552,78499,0,0.0,Workers,503
124,256,warm,False,116000,0.044373,2263425,0,0.0,Workers,503
125,256,warm,False,116000,0.046147,1423295,0,0.0,Workers,503
126,256,warm,False,6001,0.045771,72736,0,0.0,Workers,503
127,256,warm,False,115999,0.045833,1341117,0,0.0,Workers,503
128,256,warm,False,115999,0.046194,1541484,0,0.0,Workers,503
129,256,warm,False,6001,0.043675,69107,0,0.0,Workers,503
130,256,warm,False,6000,0.044679,70733,0,0.0,Workers,503
131,256,warm,False,6001,0.044539,68077,0,0.0,Workers,503
132,256,warm,False,116000,0.045056,1070450,0,0.0,Workers,503
133,256,warm,False,5999,0.044798,68517,0,0.0,Workers,503
134,256,warm,False,5999,0.048753,72148,0,0.0,Workers,503
135,256,warm,False,115999,0.041167,1828657,0,0.0,Workers,503
136,256,warm,False,5999,0.039542,71133,0,0.0,Workers,503
137,256,warm,False,116000,0.044138,1828742,0,0.0,Workers,503
138,256,warm,False,116000,0.044321,2337438,0,0.0,Workers,503
139,256,warm,False,6001,0.044038,71326,0,0.0,Workers,503
140,256,warm,False,116000,0.043872,1145459,0,0.0,Workers,503
141,256,warm,False,116000,0.037861,1145591,0,0.0,Workers,503
142,256,warm,False,6001,0.044024,67964,0,0.0,Workers,503
143,256,warm,False,6001,0.043798,65125,0,0.0,Workers,503
144,256,warm,False,116000,0.040672,1145544,0,0.0,Workers,503
145,256,warm,False,5999,0.035369,64889,0,0.0,Workers,503
146,256,warm,False,6000,0.045415,74287,0,0.0,Workers,503
147,256,warm,False,5999,0.048052,73753,0,0.0,Workers,503
148,256,warm,False,116000,0.042416,1854607,0,0.0,Workers,503
149,256,warm,False,6001,0.056535,88427,0,0.0,Workers,503
0,256,sequential,False,233,0.04147,118948,0,28.734375,Containers,503
1,256,sequential,False,248,0.036644,108712,0,28.734375,Containers,503
2,256,sequential,False,274,0.039825,116615,0,28.734375,Containers,503
3,256,sequential,False,229,0.042776,122411,0,28.734375,Containers,503
4,256,sequential,False,205,0.039713,120295,0,28.734375,Containers,503
5,256,sequential,False,205,0.041677,160486,0,28.734375,Containers,503
6,256,sequential,False,280,0.038631,135541,0,28.734375,Containers,503
7,256,sequential,False,431,0.037217,120423,0,28.734375,Containers,503
8,256,sequential,False,207,0.039382,118885,0,28.734375,Containers,503
9,256,sequential,False,187,0.03712,120727,0,28.734375,Containers,503
10,256,sequential,False,200,0.042133,119450,0,28.734375,Containers,503
11,256,sequential,False,282,0.038815,128529,0,28.734375,Containers,503
12,256,sequential,False,413,0.040444,112588,0,28.734375,Containers,503
13,256,sequential,False,213,0.040954,136495,0,28.734375,Containers,503
14,256,sequential,False,253,0.036123,111695,0,28.734375,Containers,503
15,256,sequential,False,202,0.038592,119573,0,28.734375,Containers,503
16,256,sequential,False,202,0.035808,162145,0,28.734375,Containers,503
17,256,sequential,False,290,0.051978,127720,0,28.734375,Containers,503
18,256,sequential,False,335,0.035951,111354,0,28.734375,Containers,503
19,256,sequential,False,221,0.044104,120947,0,28.734375,Containers,503
20,256,sequential,False,223,0.034026,116213,0,28.734375,Containers,503
21,256,sequential,False,306,0.037568,125682,0,28.734375,Containers,503
22,256,sequential,False,345,0.039482,123777,0,28.734375,Containers,503
23,256,sequential,False,264,0.049902,146796,0,28.734375,Containers,503
24,256,sequential,False,305,0.034711,109209,0,28.734375,Containers,503
25,256,sequential,False,233,0.041227,115590,0,28.734375,Containers,503
26,256,sequential,False,255,0.043699,135090,0,28.734375,Containers,503
27,256,sequential,False,196,0.041402,121055,0,28.734375,Containers,503
28,256,sequential,False,191,0.040952,154253,0,28.734375,Containers,503
29,256,sequential,False,256,0.03644,110827,0,28.734375,Containers,503
30,256,sequential,False,273,0.044759,127586,0,28.734375,Containers,503
31,256,sequential,False,216,0.040077,116400,0,28.734375,Containers,503
32,256,sequential,False,206,0.036418,159059,0,28.734375,Containers,503
33,256,sequential,False,202,0.040604,124106,0,28.734375,Containers,503
34,256,sequential,False,248,0.041345,130670,0,28.734375,Containers,503
35,256,sequential,False,188,0.036031,122671,0,28.734375,Containers,503
36,256,sequential,False,194,0.036089,110853,0,28.734375,Containers,503
37,256,sequential,False,250,0.039236,115267,0,28.734375,Containers,503
38,256,sequential,False,269,0.042014,160722,0,28.734375,Containers,503
39,256,sequential,False,192,0.040298,119605,0,28.734375,Containers,503
40,256,sequential,False,186,0.036006,118079,0,28.734375,Containers,503
41,256,sequential,False,194,0.039402,152123,0,28.734375,Containers,503
42,256,sequential,False,270,0.038813,112398,0,28.734375,Containers,503
43,256,sequential,False,187,0.037416,130391,0,28.734375,Containers,503
44,256,sequential,False,224,0.041491,121555,0,28.734375,Containers,503
45,256,sequential,False,200,0.041184,115966,0,28.734375,Containers,503
46,256,sequential,False,203,0.038627,155639,0,28.734375,Containers,503
47,256,sequential,False,243,0.040552,160209,0,28.734375,Containers,503
48,256,sequential,False,211,0.039042,114583,0,28.734375,Containers,503
49,256,sequential,False,316,0.0422,172583,0,28.734375,Containers,503
50,256,burst,False,181,0.045278,180803,0,28.609375,Containers,503
51,256,burst,False,132,0.045236,138256,0,28.609375,Containers,503
52,256,burst,False,100,0.046997,139856,0,28.609375,Containers,503
53,256,burst,False,152,0.04035,125533,0,28.609375,Containers,503
54,256,burst,False,224,0.045543,121083,0,28.609375,Containers,503
55,256,burst,False,93,0.042228,127776,0,28.609375,Containers,503
56,256,burst,False,281,0.042457,116472,0,28.609375,Containers,503
57,256,burst,False,241,0.036934,125787,0,28.609375,Containers,503
58,256,burst,False,150,0.04329,124894,0,28.609375,Containers,503
59,256,burst,False,213,0.044724,140921,0,28.609375,Containers,503
60,256,burst,False,97,0.041286,134432,0,28.609375,Containers,503
61,256,burst,False,211,0.034092,130318,0,28.609375,Containers,503
62,256,burst,False,101,0.041383,136951,0,28.609375,Containers,503
63,256,burst,False,108,0.041349,134492,0,28.609375,Containers,503
64,256,burst,False,243,0.041418,134706,0,28.609375,Containers,503
65,256,burst,False,277,0.048944,122448,0,28.609375,Containers,503
66,256,burst,False,138,0.048824,144302,0,28.609375,Containers,503
67,256,burst,False,236,0.041269,132285,0,28.609375,Containers,503
68,256,burst,False,156,0.049135,130748,0,28.609375,Containers,503
69,256,burst,False,185,0.04999,177955,0,28.609375,Containers,503
70,256,burst,False,109,0.035907,133280,0,28.609375,Containers,503
71,256,burst,False,322,0.041057,119514,0,28.609375,Containers,503
72,256,burst,False,154,0.04077,132915,0,28.609375,Containers,503
73,256,burst,False,220,0.041748,130917,0,28.609375,Containers,503
74,256,burst,False,111,0.037098,153658,0,28.609375,Containers,503
75,256,burst,False,306,0.043054,122135,0,28.609375,Containers,503
76,256,burst,False,175,0.046187,154024,0,28.609375,Containers,503
77,256,burst,False,233,0.04607,140157,0,28.609375,Containers,503
78,256,burst,False,184,0.045426,131257,0,28.609375,Containers,503
79,256,burst,False,91,0.037481,136358,0,28.609375,Containers,503
80,256,burst,False,104,0.045743,140904,0,28.609375,Containers,503
81,256,burst,False,116,0.045546,142009,0,28.609375,Containers,503
82,256,burst,False,145,0.046341,136924,0,28.609375,Containers,503
83,256,burst,False,111,0.046177,127284,0,28.609375,Containers,503
84,256,burst,False,244,0.037789,127223,0,28.609375,Containers,503
85,256,burst,False,257,0.048201,180748,0,28.609375,Containers,503
86,256,burst,False,86,0.049083,136987,0,28.609375,Containers,503
87,256,burst,False,88,0.044285,126803,0,28.609375,Containers,503
88,256,burst,False,108,0.044339,126748,0,28.609375,Containers,503
89,256,burst,False,193,0.038326,118798,0,28.609375,Containers,503
90,256,burst,False,99,0.04133,141634,0,28.609375,Containers,503
91,256,burst,False,159,0.044121,117825,0,28.609375,Containers,503
92,256,burst,False,127,0.043755,119272,0,28.609375,Containers,503
93,256,burst,False,142,0.042845,140085,0,28.609375,Containers,503
94,256,burst,False,186,0.040871,119087,0,28.609375,Containers,503
95,256,burst,False,85,0.04255,122913,0,28.609375,Containers,503
96,256,burst,False,95,0.044631,122625,0,28.609375,Containers,503
97,256,burst,False,267,0.037926,117472,0,28.609375,Containers,503
98,256,burst,False,158,0.04701,131382,0,28.609375,Containers,503
99,256,burst,False,90,0.050605,135466,0,28.609375,Containers,503
100,256,burst,False,105,0.051793,131594,0,28.609375,Containers,503
101,256,burst,False,110,0.050517,131450,0,28.609375,Containers,503
102,256,warm,False,327,0.041454,160698,0,28.609375,Containers,503
103,256,warm,False,116,0.049075,268700,0,28.609375,Containers,503
104,256,warm,False,140,0.048736,168033,0,28.609375,Containers,503
105,256,warm,False,334,0.048853,168267,0,28.609375,Containers,503
106,256,warm,False,128,0.052257,259897,0,28.609375,Containers,503
107,256,warm,False,240,0.039703,123258,0,28.609375,Containers,503
108,256,warm,False,137,0.049011,124485,0,28.609375,Containers,503
109,256,warm,False,111,0.039958,128929,0,28.609375,Containers,503
110,256,warm,False,270,0.039919,207219,0,28.609375,Containers,503
111,256,warm,False,140,0.046876,139174,0,28.609375,Containers,503
112,256,warm,False,200,0.040079,122356,0,28.609375,Containers,503
113,256,warm,False,197,0.044575,121168,0,28.609375,Containers,503
114,256,warm,False,218,0.044281,166755,0,28.609375,Containers,503
115,256,warm,False,142,0.041509,167329,0,28.609375,Containers,503
116,256,warm,False,88,0.044367,121245,0,28.609375,Containers,503
117,256,warm,False,86,0.049475,182594,0,28.609375,Containers,503
118,256,warm,False,98,0.049611,182488,0,28.609375,Containers,503
119,256,warm,False,177,0.049704,281434,0,28.609375,Containers,503
120,256,warm,False,213,0.042199,178787,0,28.609375,Containers,503
121,256,warm,False,372,0.041795,175864,0,28.609375,Containers,503
122,256,warm,False,268,0.0486,148924,0,28.609375,Containers,503
123,256,warm,False,209,0.041546,124499,0,28.609375,Containers,503
124,256,warm,False,191,0.047903,186184,0,28.609375,Containers,503
125,256,warm,False,113,0.048136,125352,0,28.609375,Containers,503
126,256,warm,False,125,0.048691,127670,0,28.609375,Containers,503
127,256,warm,False,220,0.038262,116884,0,28.609375,Containers,503
128,256,warm,False,227,0.044119,173016,0,28.609375,Containers,503
129,256,warm,False,98,0.041056,125108,0,28.609375,Containers,503
130,256,warm,False,141,0.046176,118708,0,28.609375,Containers,503
131,256,warm,False,96,0.043669,116557,0,28.609375,Containers,503
132,256,warm,False,217,0.037689,112693,0,28.609375,Containers,503
133,256,warm,False,130,0.042511,131089,0,28.609375,Containers,503
134,256,warm,False,141,0.045342,124680,0,28.609375,Containers,503
135,256,warm,False,146,0.045462,166262,0,28.609375,Containers,503
136,256,warm,False,92,0.047134,126671,0,28.609375,Containers,503
137,256,warm,False,162,0.041953,123841,0,28.609375,Containers,503
138,256,warm,False,224,0.037201,117881,0,28.609375,Containers,503
139,256,warm,False,199,0.04549,131577,0,28.609375,Containers,503
140,256,warm,False,204,0.045377,135713,0,28.609375,Containers,503
141,256,warm,False,128,0.046433,134446,0,28.609375,Containers,503
142,256,warm,False,95,0.044991,142516,0,28.609375,Containers,503
143,256,warm,False,93,0.052732,138748,0,28.609375,Containers,503
144,256,warm,False,368,0.044879,124647,0,28.609375,Containers,503
145,256,warm,False,112,0.044943,132150,0,28.609375,Containers,503
146,256,warm,False,88,0.045296,131281,0,28.609375,Containers,503
147,256,warm,False,276,0.041102,112868,0,28.609375,Containers,503
148,256,warm,False,140,0.050769,135299,0,28.609375,Containers,503
149,256,warm,False,171,0.050604,135655,0,28.609375,Containers,503
150,256,warm,False,189,0.046355,123700,0,28.609375,Containers,503
151,256,warm,False,167,0.051035,136264,0,28.609375,Containers,503
